comment_text,cog_dissonance_com,fake_news_com,info_seeking_com,racism_hate_com,unsure_com,violence_com,lethal_com,extrajudicial_com,dehumanizing_com,demonizing_com,group_com,ingroup_com,anger_com,disgust_com,sadness_com,fear_com,anxiety_com,survey_code_com
"Guilty or not, people shouldn't take matters into their own hands like this.  I hope the vigilantes are properly punished as well, and for everyone's sake I hope they didn't attack an innocent man.",0,0,0,0,0,0,0,0,0,0,0,0,0,0,0,0,0,YCGS
Violence only begets more violence. We must deal with the perpetrator in a respectful manner. Justice will be served in a court of law.,0,0,0,0,0,0,0,0,0,0,0,1,0,0,0,0,0,CIL6
No more info on the motive/etc.?,0,0,0,0,0,0,0,0,0,0,0,0,0,0,0,0,0,RVAO
This is really disturbing.,0,0,0,0,0,0,0,0,0,0,0,0,0,1,0,0,0,HPE0
Need to kill that man!,0,0,0,0,0,1,1,0,0,0,0,0,0,0,0,0,0,8WK3
"He got what he deserved, and he'll be expecting more beatings to come, if he survives.",0,0,0,0,0,1,0,1,0,0,0,0,0,0,0,0,0,9SE6
"I hope the guy was the actual perpetrator, otherwise there are multiple victims here.",0,0,0,0,0,0,0,0,0,0,0,0,0,0,0,0,0,CLPC
"I am sorry to see people letting emotions rule over rational, and legality. While this is a heinous crime, we must allow due process of the law to prevail, and stay away from vigilante behavior. ",0,0,0,0,0,0,0,0,0,0,0,1,0,0,0,0,0,9EFY
"Everyone deserves due process.  I can understand the overwhelming anger and grief that made these people seek retribution before the man was tried for the crime, but it doesn't make it right.  I hope there's justice for the child's family and that they can find peace.",0,0,0,0,0,0,0,0,0,0,0,0,1,0,1,0,0,KPJS
The three people who beat him won't be charged. There'd be too much public outcry.,0,0,0,0,0,0,0,0,0,0,0,0,0,0,0,0,0,MUSZ
This is a terrible thing.,0,0,0,0,0,0,0,0,0,0,0,0,0,0,1,0,0,MFVL
Vigilante justice is the best kind of justice for monsters like this perpetrator!,0,0,0,0,0,1,0,1,1,0,0,0,0,0,0,0,0,K6ZM
I would be serving life in prison.Hurt my child and you're dead..PERIODT!,0,0,0,0,0,1,1,1,0,0,0,0,0,0,0,0,0,ZV1N
no race mentioned = he wasn't white,0,0,0,0,0,0,0,0,0,0,1,0,0,0,0,0,0,O4T0
Fuck that dude.,0,0,0,0,0,0,0,0,0,1,0,0,0,0,0,0,0,PHIM
I think this person should get death penalty for killing a child.,0,0,0,0,0,1,1,0,0,0,0,0,0,0,0,0,0,PNAV
A tragic situation.,0,0,0,0,0,0,0,0,0,0,0,0,0,0,1,0,0,MMH7
I understand why local residents beat up this person.  I hope they are not charged with crime,0,0,0,0,1,1,0,1,0,0,0,0,0,0,0,0,0,OIG9
"I hope they got the right person - but if they did, I would support the beating especially if he truly killed a child. ",1,0,0,0,1,1,0,1,0,0,0,0,0,0,0,0,0,KO17
When will more details be available?,0,0,1,0,0,0,0,0,0,0,0,0,0,0,0,0,0,E4IF
Even if he really did kill the child it's not up to the citizens to dispense street justice.,0,0,0,0,0,0,0,0,0,0,0,0,0,0,0,0,0,DTKW
Rest in peace,0,0,0,0,0,0,0,0,0,0,0,0,0,0,0,0,0,3V3C
Seems like someone has an agenda against Muslims.,0,0,0,1,0,0,0,0,0,0,1,0,0,0,0,0,0,P5I9
Gotta understand that we don't know the circumstances here. What promted him to do what he did? Lynching is an outdated method of justice and in a first world country should not be done.,0,0,0,1,0,0,0,0,0,0,0,1,0,0,0,0,0,XNQO
Truly sad to hear a child got killed.,0,0,0,0,0,0,0,0,0,0,0,0,0,0,1,0,0,X7KE
"I can't even imagine the pain of losing a child. Prayers to all involved, so sad.",0,0,0,0,0,0,0,0,0,0,0,0,0,0,1,0,0,3QVW
The loss of a child is a tragedy. People taking the law into their own hands is even more of a tragedy.,0,0,0,0,0,0,0,0,0,0,0,0,0,0,1,0,0,L7NF
"I understand the urge to make someone pay, but vigilantism is probably not the answer. ",1,0,0,0,0,0,0,0,0,0,0,0,0,0,0,0,0,6MFT
I do not think this was the proper way to take care of the situation. People should not take actions into their own hands and shouldl et authorities take care of these matters,0,0,0,0,0,0,0,0,0,0,0,0,0,0,0,0,0,BVDK
I think that he will get what he has coming to him in a court of law,0,0,0,0,0,1,0,0,0,0,0,0,0,0,0,0,0,MKSV
"This is clearly a hate crime. There's no mention of evidence, since of course they didn't need any to savagely beat a Muslim refugee. This is just more right-wing paranoia, racism, and violence.",0,0,0,1,2,0,0,0,0,0,1,0,0,0,0,0,0,YUEW
It seems terrible.,0,0,0,0,0,0,0,0,0,0,0,0,0,0,1,0,0,CR8T
this makes me a little sad,0,0,0,0,0,0,0,0,0,0,0,0,0,0,1,0,0,VFZH
"Hopefully the vigilantes found the right person, and not just some innocent bystander.",0,0,0,0,0,0,0,0,0,0,0,0,0,0,0,0,0,YEES
"i DON'T SEE WHY THE MEDIA HAS TO INDICATE THE MANS FAITH , IS IT NECESSARY TO INSTIGATE MORE HATE IN THIS WORLD . WHAT HE DID WAS UNFORGIVABLE BUT IT SHOULDN'T BE LABELED WITH A RELIGION, JUST LIKE ANY OTHER CRIMINAL ACT.",0,0,0,1,2,0,0,0,0,0,1,0,0,0,0,0,0,D7QL
"I understand why they beat that man but we practice ""innocent until proven guilty"" in this country for a reason.",0,0,0,0,0,0,0,0,0,0,0,1,0,0,0,0,0,XMWT
The only victim was the child and his/her parents.,0,0,0,0,1,0,0,0,0,0,0,0,0,0,0,0,0,ZYN9
"It is not up to the local citizens to take the law into their own hands. I know they were pissed, and I don't blame them, but we can not act like savages. Let the law take care of this suspect.",1,0,0,0,0,0,0,0,0,0,0,1,1,0,0,0,0,AQIZ
Terrible that the man didn't suffer the same fate as his child victim.,0,0,0,0,0,0,0,0,0,0,0,0,0,0,1,0,0,D574
Very sad and my prayers go out to the family whose child was killed.,0,0,0,0,0,0,0,0,0,0,0,0,0,0,1,0,0,X6MU
this is so sad.he should be killed too..i feel so much pain for the families of the victims,0,0,0,0,0,1,1,1,0,0,0,0,0,0,1,0,0,PHNQ
Sick,0,0,0,0,0,0,0,0,0,0,0,0,0,1,0,0,0,LX90
This is such a tragic story.  :-(,0,0,0,0,0,0,0,0,0,0,0,0,0,0,1,0,0,GO70
This is a very heartbreaking story. My heart goes out to the parents. The poor child.,0,0,0,0,0,0,0,0,0,0,0,0,0,0,1,0,0,DQZR
Prayers for the childs family,0,0,0,0,0,0,0,0,0,0,0,0,0,0,0,0,0,KJTE
Mob justice is anarchy and disrespectful of law enforcement.,0,0,0,0,0,0,0,0,0,0,0,0,0,0,0,0,0,W9Q3
"If more people took it into their own hands to extract justice, there would be less crime like this.",0,0,0,0,1,1,0,1,0,0,0,0,0,0,0,0,0,3N7K
This is the way the world is now.,0,0,0,0,0,0,0,0,0,0,0,0,0,0,0,0,0,6ARX
An eye for an eye....He should suffer the same horrible death his victim suffered.,0,0,0,0,0,1,1,1,0,0,0,0,0,0,0,0,0,ACH0
I pray for all involved.,0,0,0,0,0,0,0,0,0,0,0,0,0,0,0,0,0,HCOJ
While it is appalling that someone could hurt a child it is also wrong to take justice into your own hands. We have a system of justice in this country that needs to be followed regardless of how much our emotions are pushing us to seek revenge.,0,0,0,0,0,0,0,0,0,0,0,1,0,0,0,0,0,XAKI
why is this on social media. it should be scrubbed from the internet,0,0,1,0,0,0,0,0,0,0,0,0,0,0,0,0,0,89HK
What a horrible tragedy.,0,0,0,0,0,0,0,0,0,0,0,0,0,0,0,0,0,UUMY
What was the evidence against the perpetrator?,0,0,1,0,0,0,0,0,0,0,0,0,0,0,0,0,0,OHUL
"Instead of protecting this child, people respond with bloodlust. Sick.",0,0,0,0,0,0,0,0,0,0,0,0,0,1,0,0,0,RNVB
Was there proof the alledged person did it?,0,0,1,0,0,0,0,0,0,0,0,0,0,0,0,0,0,EUYY
should have killed the punk,0,0,0,0,0,1,1,0,0,1,0,0,0,0,0,0,0,3LUA
I pray for the violence to end.,0,0,0,0,0,0,0,0,0,0,0,0,0,0,0,0,0,EI8P
"Don't be foolish enough to believe everything that you hear in the news. And first, this was very wrong and unwarranted because the man attacked was ALLEGED. He should be seen and treated as innocent until PROVEN guilty. I mean, really people?",0,0,0,0,0,0,0,0,0,0,0,0,0,0,0,0,0,OILA
A tragic situation.,0,0,0,0,0,0,0,0,0,0,0,0,0,0,1,0,0,UQSY
How terrible. What made this man do such a thing? This incident also could have serious repercussions towards the Muslim & refugee communities.,0,0,1,1,0,0,0,0,0,0,1,0,0,0,1,0,0,WL0S
I believed the Muslim deserved it. That action and attitude should not be tolerated,0,0,0,0,0,1,0,1,0,0,1,0,0,0,0,0,0,GXQV
i hope the man they beat up was guilty and not just a suspect,0,0,0,0,0,0,0,0,0,0,0,0,0,0,0,0,0,R3VZ
Vigilante justice is wrong.,0,0,0,0,0,0,0,0,0,0,0,0,0,0,0,0,0,HQKF
if he was indeed guilty he deserved what he got,0,0,0,0,0,1,0,1,0,0,0,0,0,0,0,0,0,GKTT
I wonder how fake news will spin this,0,1,0,0,0,0,0,0,0,0,0,0,0,0,0,0,0,1TVE
This is disgusting!,0,0,0,0,0,0,0,0,0,0,0,0,0,1,0,0,0,TBLG
This is so tragic!,0,0,0,0,0,0,0,0,0,0,0,0,0,0,1,0,0,BVEG
What a sad story. My heart goes out to the family of the child. I hope this man receive the punishment he deserves.,0,0,0,0,0,1,0,0,0,0,0,0,0,0,1,0,0,S5LF
Due process is deserved by all.  We live in a country where you are innocent until proven guilty.  It is no excuse for vigilante justice.,0,0,0,0,0,0,0,0,0,0,0,1,0,0,0,0,0,ZDDK
I don't understand how anyone can harm a child.,0,0,0,0,0,0,0,0,0,0,0,0,0,0,0,0,0,05GC
Violence should not be answered with violence. This will continue in an endless cycle.,0,0,0,0,0,0,0,0,0,0,0,0,0,0,0,0,0,KZJS
Street justice is the best justice.,0,0,0,0,0,1,0,1,0,0,0,0,0,0,0,0,0,UNX4
Does anyone believe in innocent until PROVEN guilty anymore?,0,0,0,0,0,0,0,0,0,0,0,0,0,0,0,0,0,QLOR
why do people kill people in todays society?,0,0,0,0,0,0,0,0,0,0,0,0,0,0,0,0,0,XK3N
"You're all a bunch of useless, clueless cunts.",0,0,0,0,0,0,0,0,1,1,0,0,0,0,0,0,0,XTOG
He should not of even been in this country. If that was my child and I found him I would make her suffer!!,0,0,0,0,0,1,0,1,0,0,1,0,0,0,0,0,0,K0PM
terrible... may justice be served.,0,0,0,0,1,0,0,0,0,0,0,0,0,0,1,0,0,UDCK
glad to see the 'vigilantes' are in custody,0,0,0,0,0,0,0,0,0,0,0,0,0,0,0,0,0,YGVE
I think that people are justified in their anger and wanting revenge. If it was my child or someone I knew I would feel the same way. Justice can be served in many other ways than a courtroom. The only concern is if they got the wrong person.,1,0,0,0,0,1,0,1,0,0,0,0,0,0,0,0,0,DUSJ
Such a terrible tragedy.,0,0,0,0,0,0,0,0,0,0,0,0,0,0,1,0,0,UZXI
"He deserved what he got, anyone who kills a child deserves to be brutalized and put to death, he is not a human but a beast and must be dealt with as such!",0,0,0,0,0,1,1,1,1,0,0,0,0,0,0,0,0,SHFC
"I have lost 4 children in my lifetime and I am relatively young. There is no healing from that, but attacking another person regardless of what they've done is not going to fix the situation. It's horrendous, to harm children but think of the family.  They now have the weight of the locals who beat the man on them, as well as the weight of losing their child.",0,0,0,0,0,0,0,0,0,0,0,0,0,0,0,0,0,RNZ1
HOW AWFUL,0,0,0,0,0,0,0,0,0,0,0,0,0,0,1,0,0,UGZE
"If they got the right person, I have no problem with it at all",0,0,0,0,0,1,0,1,0,0,0,0,0,0,0,0,0,CGRD
Locals beat a man in the streets even though it wasn't proven that he was the killer?  Seems kind of messed up to me.  What if he hadn't been the one to do it?  Let the police and the court do their jobs.,0,0,0,0,0,0,0,0,0,0,0,0,0,0,0,0,0,FMCK
I'd do the same.,0,0,0,0,0,1,0,1,0,0,0,0,0,0,0,0,0,Y1NB
I hope this can be fixed,0,0,0,0,0,0,0,0,0,0,0,0,0,0,0,0,0,2QYB
People shouldn't take the law into their own hands. Lynchings are ridiculous.,0,0,0,1,0,0,0,0,0,0,0,0,0,0,0,0,0,DMCG
"I feel for the perpetrators however, vigilantly justice would make this world unsafe for all of us in my opinion.",1,0,0,0,0,0,0,0,0,0,0,0,0,0,0,0,0,UOKW
What if they attacked the wrong man? The criminal justice system is there for a reason.,0,0,0,0,0,0,0,0,0,0,0,0,0,0,0,0,0,VV4U
Hate that an alleged perp is automatically considered guilty by everyone.  Innocent until PROVEN guilty.  Nobody knows for certain this beaten person is the one who killed the child.,0,0,0,0,0,0,0,0,0,0,0,0,0,0,0,0,0,RRBF
Just a horrible situation,0,0,0,0,0,0,0,0,0,0,0,0,0,0,1,0,0,3JOK
This person is not going to last very long in prison. | This middle-aged male muslim refugee who had been living in the community for about one year should be sent back to where he came from and let them deal with him.,0,0,0,0,0,1,0,0,0,0,0,0,0,0,0,0,0,LZ5T
"If guilty, this man should be punished. Let the criminal justice system work this out. Attacking him fixes nothing. ",0,0,0,0,0,1,0,0,0,0,0,0,0,0,0,0,0,HGUC
"Although I do believe in the saying ""Two wrongs don't make a right"", if it was my child or a child of someone I loved, I would have a hard time not seeking revenge.",1,0,0,0,1,0,0,0,0,0,0,0,0,0,0,0,0,RJYO
It can never be right to take justice into your own hands. Nothing good will come from attacking this man. It needs to go through the court.,0,0,0,0,0,0,0,0,0,0,0,0,0,0,0,0,0,DIY1
this is one of the worst things that could happen.,0,0,0,0,0,0,0,0,0,0,0,0,0,0,0,0,0,2L5D
Fuck that guy he deserved it.,0,0,0,0,0,1,0,1,0,0,0,0,0,0,0,0,0,H70S
"Vigilante justice erodes our system of laws. Without laws we cease to be a free country. Everyone, no matter the crime, deserves due process. ",0,0,0,0,0,0,0,0,0,0,0,1,0,0,0,0,0,OR4A
Justice was served.,0,0,0,0,0,1,0,1,0,0,0,0,0,0,0,0,0,AGJX
"In this country we are innocent until proven guilty and we can't start taking the law into our own hands. If he was guilty, he can be punished by the law. Otherwise, citizens need stay away from viligante justice.",0,0,0,0,0,1,0,0,0,0,0,1,0,0,0,0,0,YALF
"This is very difficult, and I appreciate the information. ",0,0,0,0,0,0,0,0,0,0,0,0,0,0,0,0,0,42OX
"It's sad that someone died, but lynchings shouldn't be allowed either.",0,0,0,1,0,0,0,0,0,0,0,0,0,0,1,0,0,AP1L
Good job by the local citizens in catching this guy.,0,0,0,0,0,1,0,1,0,0,0,0,0,0,0,0,0,ALA3
What about justice in the courts first?,0,0,0,0,0,0,0,0,0,0,0,0,0,0,0,0,0,F0OZ
Does the world ALLEGED not mean anything anymore?  Vigilante justice is not right.,0,0,0,0,0,0,0,0,0,0,0,0,0,0,0,0,0,HKGJ
Was he legally here?,0,0,1,0,0,0,0,0,0,0,1,0,0,0,0,0,0,ECEL
My heart is broken for the family of the child.,0,0,0,0,0,0,0,0,0,0,0,0,0,0,1,0,0,I33P
"Is there any evidence the guy actually committed the crime, or did a crowd of angry people beat the tar out of some guy who might be completely innocent?",0,0,1,0,0,0,0,0,0,0,0,0,0,0,0,0,0,KBN4
This makes me very sad,0,0,0,0,0,0,0,0,0,0,0,0,0,0,1,0,0,NFSU
Agreed. Anyone who harms my child will pray for death!!,0,0,0,0,0,1,1,1,0,0,0,0,0,0,0,0,0,HTWV
We forget that it's entirely possible that the beaten man was INNOCENT.  Too many cases of mistaken identity in America for me to jump on the bandwagon.,0,0,0,0,0,0,0,0,0,0,0,1,0,0,0,0,0,LJ2S
This is a sad tragedy and I hope they can find justice in this horrible act,0,0,0,0,0,0,0,0,0,0,0,0,0,0,1,0,0,YDVH
My life would pretty much be over at that point. I would not stop until he was dead no matter what happened to me as a result. There could be no excuse for hurting a child.,0,0,0,0,0,1,1,1,0,0,0,0,0,0,0,0,0,TMMV
"The perpetrator needs to be punished, but vengeance is not justice. ",0,0,0,0,0,0,0,0,0,0,0,0,0,0,0,0,0,I99O
"This is a horrible situation. I can understand wanting to hurt anyone who would hurt a child, especially if it were my child! ",0,0,0,0,1,0,0,0,0,0,0,0,0,0,1,0,0,LD0Y
There is no easy way to explain to this child why this happened to him. I hope justice is done for this child.,0,0,0,0,0,0,0,0,0,0,0,0,0,0,0,0,0,A8MI
"While the murder of a child is of course horrorific, vigilante justice - while tempting - is never the answer, nor is it line with the fundamental beliefs that our country was founded on. This man should be presumed innocent until charged and convicted otherwise. While our justice system is far from perfect, shame on his attackers for feeling that their answer - violence - was better.",0,0,0,0,0,0,0,0,0,0,0,1,0,0,0,0,0,IPFF
The locals' reaction is unacceptable. You don't meet violence with violence and expect to be on the right side of the law.,0,0,0,0,0,0,0,0,0,0,0,0,0,0,0,0,0,UEQU
There should be no gun free zones and more people should carry guns on them.,0,0,0,0,0,0,0,0,0,0,0,0,0,0,0,0,0,7PKZ
why do people kill people in todays society?,0,0,0,0,0,0,0,0,0,0,0,0,0,0,0,0,0,6PMS
"Hopefully he is the guilty party, people cannot be the judge, jury and executioner ",0,0,0,0,0,0,0,0,0,0,0,0,0,0,0,0,0,3L9E
The killer deserved it.,0,0,0,0,0,1,0,1,0,0,0,0,0,0,0,0,0,LSXH
That's crazy!  He deserved what he got.  Eye for an eye!,0,0,0,0,0,1,0,1,0,0,0,0,0,0,0,0,0,ZIPI
"Honestly he got what he deserved, I don't feel bad for him.",0,0,0,0,0,1,0,1,0,0,0,0,0,0,0,0,0,VQGX
This type of thing just should not happen.,0,0,0,0,0,0,0,0,0,0,0,0,0,0,0,0,0,EWK2
"This is terrible, I hope justice is done for everyone involved.",0,0,0,0,0,0,0,0,0,0,0,0,0,0,1,0,0,SDQV
Very sad.,0,0,0,0,0,0,0,0,0,0,0,0,0,0,1,0,0,YMOK
Nothing less than capital punishment.,0,0,0,0,0,1,1,0,0,0,0,0,0,0,0,0,0,UGCV
"It's not a good idea for citizens to track down and hurt someone who has not been proven guilty. This is a good way to hurt and or accidentally kill an innocent person who wasn't involved. That said, we have a mental health problem in this country. We worry about so many other things, but we ignore that we need to figure out how to become smarter about changing things for the mentally ill in this country so that we can at least decrease these senseless tragedies.",0,0,0,0,0,0,0,0,0,0,0,1,0,0,0,0,0,8KLG
Was this person here legally or part of the visa lottery?,0,0,1,0,0,0,0,0,0,0,1,0,0,0,0,0,0,CSNR
"I am not going to like any comments because I don't like any of the comments. I'm not going to report them because none are offensive. Yet, and despite the fact that I do not want to take any action in response to this article, I am being forced to leave a response in order to continue with the survey. In ""real life"" I would read this article, and the comments, and leave without any remark or report. Why them am I being forced to respond in a way that is false in order to complete the data collection phase of this experiment?",0,0,0,0,0,0,0,0,0,0,0,0,0,0,0,0,0,CHOF
This is truly a tragedy,0,0,0,0,0,0,0,0,0,0,0,0,0,0,1,0,0,4RVQ
alleged? due process much people.  doesn't look good.,0,0,0,0,0,0,0,0,0,0,0,0,0,0,0,0,0,Y4AQ
"Remember, innocent until proven guilty.",0,0,0,0,0,0,0,0,0,0,0,0,0,0,0,0,0,T8PU
The murder of a child is not to be taken lightly but let the courts decide on guilt.  Taking to the street to beat another human being is wrong.,0,0,0,0,0,0,0,0,0,0,0,0,0,0,0,0,0,KFUS
Although I don't condone violence.  I would have a hard time feeling sorry seeing a child killer getting beat up.,1,0,0,0,1,1,0,1,0,0,0,0,0,0,0,0,0,7BGN
Did the locals have proof that he was the perpetrator?,0,0,1,0,0,0,0,0,0,0,0,0,0,0,0,0,0,BAE4
"If they actually caught him in the act, I could see why someone would do this. If they had to track him down, though, that implies they didn't catch him in the act. At that point the job of apprehending him/punishing him is better left to the police and justice system.",1,0,0,0,1,0,0,0,0,0,0,0,0,0,0,0,0,0EBL
What evidence was there to indicate his guilt?,0,0,1,0,0,0,0,0,0,0,0,0,0,0,0,0,0,CVSG
Such a tragic story.,0,0,0,0,0,0,0,0,0,0,0,0,0,0,1,0,0,RIN5
Simply horrible.  I can’t blame them for wanting to take things into their own hands.,0,0,0,0,0,1,0,1,0,0,0,0,0,0,1,0,0,NK8I
Sad and Senseless. What a horrible loss for the parents.,0,0,0,0,0,0,0,0,0,0,0,0,0,0,1,0,0,YWUY
"I can't fathom the loss of one's child, particularly by homicide. That said, the only sympathy I feel is for the child's family.",0,0,0,0,0,0,0,0,0,0,0,0,0,0,0,0,0,8XSF
Sad for all involved.,0,0,0,0,0,0,0,0,0,0,0,0,0,0,1,0,0,AGDC
It's a shame he wasn't beat more severely.,0,0,0,0,0,1,0,1,0,0,0,0,0,0,0,0,0,YWZN
"This is a tragedy. I hope for the sake of the victim the police arrested the right man, if not then it'll just be another tragedy of a innocent man being beaten and the real suspect still at large.",0,0,0,0,0,0,0,0,0,0,0,0,0,0,1,0,0,C6D4
This is a really sad incident.,0,0,0,0,0,0,0,0,0,0,0,0,0,0,1,0,0,JV0T
I'm glad he was caught. My prayers for the family.,0,0,0,0,0,1,0,1,0,0,0,0,0,0,0,0,0,HHA9
This is just sad.  I don't understand the mentality of some people!,0,0,0,0,0,0,0,0,0,0,0,0,0,0,1,0,0,OC9Q
He got what he deserved. He should count himself lucky.,0,0,0,0,0,1,0,1,0,0,0,0,0,0,0,0,0,Q85C
fuck muslims,0,0,0,0,0,0,0,0,0,1,1,0,0,0,0,0,0,TM0P
That's sad,0,0,0,0,0,0,0,0,0,0,0,0,0,0,1,0,0,QKOC
Don't know how people like him are present.,0,0,0,0,0,0,0,0,0,0,0,0,0,0,0,0,0,87S9
Innocent until proven guilty in a court of law.,0,0,0,0,0,0,0,0,0,0,0,0,0,0,0,0,0,FGTC
"I know vigilante justice is frowned upon, but I can see why a person would take the law in their own hands when certain crimes are committed. ",1,0,0,0,1,0,0,0,0,0,0,0,0,0,0,0,0,LPNM
I think he got what he needed to get and hope he feared for his life while he was getting beaten got off much easier than the little girl.,0,0,0,0,0,1,0,1,0,0,0,0,0,0,0,0,0,QLPM
While I don't want people to take the law into their own hands... I wish I felt worse about it.,0,0,0,0,0,0,0,0,0,0,0,0,0,0,0,0,0,JZZW
"Good for them. Muslim , christian, or agnostic.. Should have done more to the, ",0,0,0,0,0,1,0,1,0,0,1,0,0,0,0,0,0,FDSY
I 'am praying for the family.,0,0,0,0,0,0,0,0,0,0,0,0,0,0,0,0,0,QFM5
nothing is worse than harming a child,0,0,0,0,0,0,0,0,0,0,0,0,0,0,0,0,0,UT7M
I really hope he gets charged with this gruesome murder.,0,0,0,0,0,1,0,0,0,0,0,0,0,0,0,0,0,CGFU
Sad,0,0,0,0,0,0,0,0,0,0,0,0,0,0,1,0,0,ITYO
Way to go locals! I would have done it too!,0,0,0,0,0,1,0,1,0,0,0,0,0,0,0,0,0,I5RD
Not right for people to take the law into their own hands.,0,0,0,0,0,0,0,0,0,0,0,0,0,0,0,0,0,UJDG
"I understand the need to do something, but beating a person in the street is ridiculous.  ",0,0,0,0,0,0,0,0,0,0,0,0,0,0,0,0,0,REB8
i feel so bad and wish there was something i could do to help out in this time of need.It is people like that that is why the world cant heal and we cant have peace,0,0,0,0,0,0,0,0,0,0,0,1,0,0,1,0,0,JW9T
Sad that this has happened. RIP to the victim,0,0,0,0,0,0,0,0,0,0,0,0,0,0,1,0,0,G4UF
Just beating someone isn't the American way.  We have a justice system.,0,0,0,0,0,0,0,0,0,0,0,1,0,0,0,0,0,49KM
He deserved that beat down!,0,0,0,0,0,1,0,1,0,0,0,0,0,0,0,0,0,G7V7
i hope one day we can stop seeing things like these !,0,0,0,0,0,0,0,0,0,0,0,1,0,0,0,0,0,BOBV
I hope this is fixed in a peaceful manner and hope no one gets hurt.,0,0,0,0,0,0,0,0,0,0,0,0,0,0,0,0,0,RY17
This is crazy.,0,0,0,0,0,0,0,0,0,0,0,0,0,0,0,0,0,LGS5
It's so sad. Heart goes out to the family.,0,0,0,0,0,0,0,0,0,0,0,0,0,0,1,0,0,IS6C
It's time for the justice system to take over,0,0,0,0,0,0,0,0,0,0,0,0,0,0,0,0,0,AX53
how did they know he was the right guy?,0,0,1,0,0,0,0,0,0,0,0,0,0,0,0,0,0,16IU
Thoughts and concerns goes out to the victims and the families victims.,0,0,0,0,0,0,0,0,0,0,0,0,0,0,0,0,0,DFXJ
I hope they caught the right man.,0,0,0,0,0,0,0,0,0,0,0,0,0,0,0,0,0,4GX4
This is such a sad situation for everyone involved.,0,0,0,0,0,0,0,0,0,0,0,0,0,0,1,0,0,KWFT
The people who beat this person should be let go.,0,0,0,0,0,1,0,1,0,0,0,0,0,0,0,0,0,ZWJV
"This is what he gets, if you go around abusing children you shouldn't be suprised when their parents come after you. This man deserved everything he got and I would need to see more evidence to make a final decision but I think a case could be made that the citizens were conducting a citizen's arrest and just doing what they had to in order to detain the suspect until police arrived.",0,0,0,0,0,1,0,1,0,0,0,0,0,0,0,0,0,OQQG
No one should have to bury their own child.  No one.,0,0,0,0,0,0,0,0,0,0,0,0,0,0,0,0,0,DKFO
An unnecessary violence for this poor family.,0,0,0,0,0,0,0,0,0,0,0,0,0,0,0,0,0,V1GR
"I wish they would have finished the job, it would save the taxpayers a lot of money!",0,0,0,0,0,1,1,1,0,0,0,0,0,0,0,0,0,TZ2B
Such a difficult place to be and what heartache the family must feel. | such a difficult place to be and the heart ache this family must be facing,0,0,0,0,0,0,0,0,0,0,0,0,0,0,1,0,0,VEIR
I hope that this man really did the crime and wasn't assaulted for nothing.,0,0,0,0,0,0,0,0,0,0,0,0,0,0,0,0,0,UOM5
I can't begin to say what I think should happen to child killers. Rest in peace...,0,0,0,0,1,0,0,0,0,0,0,0,0,0,0,0,0,F6AV
It's horrible! There's no reason to kill a child!,0,0,0,0,0,0,0,0,0,0,0,0,0,0,1,0,0,5GCI
"If this man killed my child, I would have him begging for death.",0,0,0,0,0,1,0,1,0,0,0,0,0,0,0,0,0,DNCV
I think that the three citizens who beat the perpetrator should be released because of the situation and that they reacted to a crises situation and should not be charged.,0,0,0,0,0,1,0,1,0,0,0,0,0,0,0,0,0,Y6DD
This is horrendous.,0,0,0,0,0,0,0,0,0,0,0,0,0,0,0,1,0,J4SU
"I'd like to know more details about what happened to the child.  Is this man for sure the killer or is he just targeted because he's Muslim?  Also, I wonder what charges will be brought upon the three men that beat him up.  Hope they get jury hearings because that would be hard to prosecute.",0,0,1,1,0,0,0,0,0,0,1,0,0,0,0,0,0,TEWB
they must have seen him literally in the act to respond as they did,0,0,0,0,0,0,0,0,0,0,0,0,0,0,0,0,0,K5ZE
Wow!,0,0,0,0,0,0,0,0,0,0,0,0,0,0,0,0,0,VIZG
"I will never understand what leads a person to murder, especially a child. He was lucky he was spared his life, and now he can rot in jail, unless his fellow inmates decide to finish what was started before he was arrested!! Prayers to the family of the child.",0,0,0,0,1,1,1,1,0,0,0,0,0,0,0,0,0,KMZF
If he did do it then what comes around goes around. My daughter's rapist is free,0,0,0,0,0,1,0,1,0,0,0,0,0,0,0,0,0,1HVV
How sad!,0,0,0,0,0,0,0,0,0,0,0,0,0,0,1,0,0,0ES7
"There needs to be a lot more detail before it's time to beat someone in the street. A person that murders a child should be put to death, but courts are there to ensure that the right person is receiving the punishment.",0,0,0,0,0,1,1,0,0,0,0,0,0,0,0,0,0,IU8O
"Very sad story. Tragic for the victim, family of the victim, town at large, and the Muslim community that will end up getting hate filled blame.",0,0,0,1,2,0,0,0,0,0,1,0,0,0,1,0,0,MU54
This is terrible,0,0,0,0,0,0,0,0,0,0,0,0,0,0,1,0,0,HIP9
"This doesn't sound like vengence, this sounds like a hate crime.",0,0,0,1,2,0,0,0,0,0,1,0,0,0,0,0,0,IZHM
I don't think the three local citizens should suffer any consequences for their actions.  I would do the same thing if that were my child.  I believe that man got exactly what he deserved!!,0,0,0,0,0,1,0,1,0,0,0,0,0,0,0,0,0,URUH
It is interesting,0,0,0,0,0,0,0,0,0,0,0,0,0,0,0,0,0,KMYB
I don't blame these locals one bit.,0,0,0,0,0,1,0,1,0,0,0,0,0,0,0,0,0,XP2X
"How sad can this be, to harm an innocent child",0,0,0,0,0,0,0,0,0,0,0,0,0,0,1,0,0,LV6G
"This is really sad, I hope they ultimately have the right person in custody.",0,0,0,0,0,0,0,0,0,0,0,0,0,0,1,0,0,I9FR
I think it is awful that this kind of thing can happen in our county. Please keep America in your prayers!,0,0,0,0,0,0,0,0,0,0,0,1,0,0,1,0,0,AC5D
Vigilante justice is never ok,0,0,0,0,0,0,0,0,0,0,0,0,0,0,0,0,0,481S
"@FilmFanatic6, have you heard of honor killings? its sad.",0,0,0,0,0,0,0,0,0,0,0,0,0,0,1,0,0,PEAC
Don't forward to police. killed him. | No | The identity of the victim is not been released. | yes. I am killed him whobody killed my child. | killed him immediately,0,0,0,0,0,1,1,1,0,0,0,0,0,0,0,0,0,VUIT
Very sad,0,0,0,0,0,0,0,0,0,0,0,0,0,0,1,0,0,HHYX
"the residents being taken into custody is the right call, even though the suspect was wrong. The residents did assault on the suspect which is still a crime.",0,0,0,0,0,0,0,0,0,0,0,0,0,0,0,0,0,T9XG
Very sad,0,0,0,0,0,0,0,0,0,0,0,0,0,0,1,0,0,E6YF
Thats horrible.,0,0,0,0,0,0,0,0,0,0,0,0,0,0,1,0,0,OZB3
What a tragedy! I'm glad the man got what was coming to him.,0,0,0,0,0,1,0,1,0,0,0,0,0,0,1,0,0,T42G
Are they sure he was the correct perpetrator?,0,0,1,0,0,0,0,0,0,0,0,0,0,0,0,0,0,UZAL
Alleged perpetrator -what if they beat an innocent man?,0,0,0,0,0,0,0,0,0,0,0,0,0,0,0,0,0,7NLS
If we do not have innocent until proven guilty in this country what do we have?,0,0,0,0,0,0,0,0,0,0,0,1,0,0,0,0,0,VQFO
He should have been hung in a public square.,0,0,0,0,0,1,1,1,0,0,0,0,0,0,0,0,0,BNG9
no comment,0,0,0,0,0,0,0,0,0,0,0,0,0,0,0,0,0,JHO7
"Horrible tragedy . That being said, I hope  they were 100% sure that they had the right man before they beat him up. If it was in fact him, I hope he suffers.",1,0,0,0,1,1,0,1,0,0,0,0,0,0,1,0,0,OM6E
This is such a sad story.,0,0,0,0,0,0,0,0,0,0,0,0,0,0,1,0,0,POV9
They should have killed him right then and there. Hopefully they put him in general population and do not waste tax money protecting him from other inmates.,0,0,0,0,0,1,1,1,0,0,0,0,0,0,0,0,0,AVBH
I really hope they get this guy.,0,0,0,0,0,1,0,0,0,0,0,0,0,0,0,0,0,KSPZ
Vigilante justice is not the way to go.,0,0,0,0,0,0,0,0,0,0,0,0,0,0,0,0,0,MZNL
"Children are innocent, this man deserves to be punished for his crime",0,0,0,0,0,1,0,0,0,0,0,0,0,0,0,0,0,1LZY
Not much info to go on in the article,0,0,1,0,0,0,0,0,0,0,0,0,0,0,0,0,0,PXEP
Justice was done in the street like taking out a filthy rat! Too bad they didn't finish the job.,0,0,0,0,0,1,1,1,1,0,0,0,0,0,0,0,0,DHSX
Not sure how effective is vigilante justice but hopefully that people who committed the crime are punished,0,0,0,0,0,1,0,0,0,0,0,0,0,0,0,0,0,5QST
I would be crazy mad if this happened to my child,0,0,0,0,0,0,0,0,0,0,0,0,1,0,0,0,0,KWQO
remember innocent till proven guilty,0,0,0,0,0,0,0,0,0,0,0,0,0,0,0,0,0,F8DT
Hope they got the right person and didn't beat the cap out of an innocent man..,0,0,0,0,0,0,0,0,0,0,0,0,0,0,0,0,0,5NMK
I hope this man gets what he deserves!,0,0,0,0,0,1,0,0,0,0,0,0,0,0,0,0,0,YEZP
What a bad dude.,0,0,0,0,0,0,0,0,0,1,0,0,0,0,0,0,0,H7RD
Tragic,0,0,0,0,0,0,0,0,0,0,0,0,0,0,1,0,0,A8VR
"stories like this annoy me. The dangling of a juicy morsel like ""homicide of a child"", and everyone turns to look. I wish these stories were reported after all sides of the story are in. I am staunchly against pre-judgement. I can think of at least 3 major stories in my lifetime that painted victims as villains at the outset.",0,0,0,1,0,0,0,0,0,0,0,0,1,0,0,0,0,AIXH
damn that's crazy,0,0,0,0,0,0,0,0,0,0,0,0,0,0,0,0,0,G7BI
This guy should be arrested and charged if he's guilty not beaten in the street like some third world mob. | This guy should be arrested and charged if he's guilty not beaten in the street like some third world mob.,0,0,0,0,0,1,0,0,0,0,0,0,0,0,0,0,0,W8FK
You cant be killing a child not expect something to come from it.,0,0,0,0,0,0,0,0,0,0,0,0,0,0,0,0,0,QBZP
What if they got the wrong person and this is just a cover up of a hate crime against Muslims?  This is worrisome.,0,0,0,1,2,0,0,0,0,0,1,0,0,0,0,0,1,QKS2
How incredibly awful,0,0,0,0,0,0,0,0,0,0,0,0,0,0,1,0,0,FOXV
"What is the world coming to? It seems like every day we have another senseless tragedy such as this to deal with. I understand the sentiment of the gang who beat the perpetrator and would have likely participated, had I been there. It does raise the question though, where were the authorities?",0,0,0,0,0,1,0,1,0,0,0,1,0,0,1,0,0,JVBG
"Good, I hope they beat him badly.",0,0,0,0,0,1,0,1,0,0,0,0,0,0,0,0,0,RXVP
Terrible.,0,0,0,0,0,0,0,0,0,0,0,0,0,0,1,0,0,NGGK
So sad! My heart goes out to the victim and his family :(,0,0,0,0,0,0,0,0,0,0,0,0,0,0,1,0,0,0PBB
Miscellaneous,0,0,0,0,0,0,0,0,0,0,0,0,0,0,0,0,0,8BIW
i would gerard butler them,0,0,0,0,1,0,0,0,0,0,0,0,0,0,0,0,0,YPBV
"I would not be surprised if the perpetrator turned out to be on psychiatric medications, which seem to often tip people into psychosis, although the media always seems to be careful not to mentio this because they don't want to alienate Big Pharma and Psychiatry.",0,0,0,0,0,0,0,0,0,0,0,0,0,0,0,0,0,8A6F
"I would definitely feel like beating the perpetrator, but I'm not sure I would actually do it unless I felt he was not going to be held accountable through the legal system.",1,0,0,0,1,1,0,1,0,0,0,0,0,0,0,0,0,PH41
Sometimes it seems there's no peace in this poor sad world we live in.,0,0,0,0,0,0,0,0,0,0,0,1,0,0,1,0,0,M2OU
My thoughts go out to both families.,0,0,0,0,0,0,0,0,0,0,0,0,0,0,0,0,0,6NLW
I certainly hope they got the right guy.,0,0,0,0,0,0,0,0,0,0,0,0,0,0,0,0,0,YQNC
Losing a child is very hard and I can understand taking revenge on the person who did it.  Are we certain this person did this since he has not had a trial?,0,0,1,0,0,0,0,0,0,0,0,1,0,0,0,0,0,QF2C
"It was a disgusting and awful situation and to be honest I do not blame locals who tracked down the alleged perpetrator, he deserved it.",0,0,0,0,0,1,0,1,0,0,0,0,0,1,1,0,0,AO8X
What goes around comes around. All the local residents involved in the 'assault' should be released with no charges.,0,0,0,0,0,1,0,1,0,0,0,0,0,0,0,0,0,UBVH
Prayers for the family of the child.,0,0,0,0,0,0,0,0,0,0,0,0,0,0,0,0,0,E27H
I expect the polica can solve this case fast,0,0,0,0,0,0,0,0,0,0,0,0,0,0,0,0,0,15KC
Were there eye witnesses? How was the Alleged Perpetrator identified?,0,0,1,0,0,0,0,0,0,0,0,0,0,0,0,0,0,G7KM
People should not take the law into their own hands though I understand the anger over a child’s murder,0,0,0,0,0,0,0,0,0,0,0,0,1,0,0,0,0,AT69
It makes me wonder how anyone can do such a thing?,0,0,0,0,0,0,0,0,0,0,0,0,0,0,0,0,0,YZEA
Why have courts if we can side step them when we want to.,0,0,0,0,0,0,0,0,0,0,0,1,0,0,0,0,0,Z6TO
An eye for an eye! | An eye for an eye!,0,0,0,0,0,1,0,1,0,0,0,0,0,0,0,0,0,0OYY
I think government should do more to prevent tragedies like this. Perhaps more surveillance in communities.,0,0,0,0,1,1,0,0,0,0,0,0,0,0,0,0,0,YRFM
This story is missing a lot of pieces and only tells a vague story. When and where did the man kill the child? Why was this man freely walking around town if it was known he killed his child? I dont understand this article. It is missing key information for me to form an opinion.,0,0,1,0,0,0,0,0,0,0,0,0,0,0,0,0,0,VNIY
I can't believe that they arrested the people who gave him his just rewards.,0,0,0,0,1,1,0,1,0,0,0,0,0,0,0,0,0,1CN8
"The entire situation is a tragedy, and our justice system is not supposed to run on mob rule. ",0,0,0,0,0,0,0,0,0,0,0,1,0,0,1,0,0,SRQB
I couldn't imagine being part of that. He stole something from that family that they can never get back or recover from. Prayers.,0,0,0,0,0,0,0,0,0,0,0,0,0,0,0,0,0,I42D
So sad on all accounts.,0,0,0,0,0,0,0,0,0,0,0,0,0,0,1,0,0,WT5U
I don't see any proof that he did it.,0,0,0,0,0,0,0,0,0,0,0,0,0,0,0,0,0,G5IS
How did they know for sure it was him? Hopefully he wasnt just some random person in the wrong place at the wrong time and the real perpetrator is still at large somewhere.,0,0,1,0,0,0,0,0,0,0,0,0,0,0,0,0,0,GPUW
"That is sad, but I'm not sure if citizen justice was the right call.",0,0,0,0,0,0,0,0,0,0,0,0,0,0,1,0,0,4LBY
I hope justice can be brought to this case.,0,0,0,0,0,0,0,0,0,0,0,0,0,0,0,0,0,U1TN
How sad! Whoop that mans ass though please,0,0,0,0,0,1,0,1,0,0,0,0,0,0,1,0,0,2NHQ
Vigilante justice rarely targets the right person.,0,0,0,0,0,0,0,0,0,0,0,0,0,0,0,0,0,25M9
"Although it is a horrible situation, it does not give people the right to beat the man either. This man will get whats coming to him. Vengeance is mine saith the Lord. It makes people as bad as the man when they do the same thing. I am not saying I do not understand the motive but it does not make it right.",0,0,0,0,0,0,0,0,0,0,0,0,0,0,1,0,0,HFVU
"So sad.  So terribly, terribly sad.",0,0,0,0,0,0,0,0,0,0,0,0,0,0,1,0,0,FGMV
Mob justice is not justice,0,0,0,0,0,0,0,0,0,0,0,0,0,0,0,0,0,06LZ
Says alleged so this action could possibly be against an innocent man which is as horrific as the initial crime itself. Until he is found guilty this should not have happened.,0,0,0,0,0,0,0,0,0,0,0,0,0,1,1,1,0,QMH8
"I wish there was more to the story.  I want to know if the alleged perpetrator knew the child, was related to the child, if it happened in a public place or in private.  Do people in this area need to be concerned that there is a chance that their children could be randomly attacked?",0,0,1,0,1,0,0,0,0,0,0,0,0,0,0,1,0,AOYA
"IF HE IS FOUND GUILTY, THE ATTACKERS SHOULD BE SET FREE",0,0,0,0,0,1,0,1,0,0,0,0,0,0,0,0,0,3XSY
I am so sad for the family that lost people to this tragedy.,0,0,0,0,0,0,0,0,0,0,0,0,0,0,1,0,0,HYLF
"Vigilante justice is so tempting, but laws have to protect everyone, not just good people",0,0,0,0,0,0,0,0,0,0,0,0,0,0,0,0,0,DGON
The hooligans would assaulted this man should be tried and punished to the maximum allowed by law.,0,0,0,0,0,1,0,0,0,0,0,0,0,0,0,0,0,VYZJ
great,0,0,0,0,0,0,0,0,0,0,0,0,0,0,0,0,0,QEHD
"I would not have only beaten the perp, he'd be gone too.",0,0,0,0,0,1,1,1,0,0,0,0,0,0,0,0,0,TYQK
I'm glad he was beaten. He deserves to die too. What would drive him to take the life of an innocent child?!,0,0,0,0,0,1,1,1,0,0,0,0,0,0,0,0,0,ZMUI
"Good, I hope he dies",0,0,0,0,0,1,1,1,0,0,0,0,0,0,0,0,0,N3XX
it's so painful to loss a child.he should be made to pay for his crime,0,0,0,0,0,1,0,0,0,0,0,0,0,0,1,0,0,DBQU
I think this is a tragedy.,0,0,0,0,0,0,0,0,0,0,0,0,0,0,1,0,0,XERM
Very tragic no matter how you look at this situation.,0,0,0,0,0,0,0,0,0,0,0,0,0,0,1,0,0,O37I
I just hope they didn't rush to Judgement because he is Muslim. If they really did this then it's deserved. But we have to be careful rushing to judgement.,0,0,0,1,2,0,0,0,0,0,1,0,0,0,0,0,0,R6OL
I can’t imagine what went through this guy’s mind to do something like this.,0,0,0,0,0,0,0,0,0,0,0,0,0,0,0,0,0,BDID
"Even if he did do it, the people that beat him should be punished, as well.",0,0,0,0,0,1,0,0,0,0,0,0,0,0,0,0,0,N00E
just horrible,0,0,0,0,0,0,0,0,0,0,0,0,0,0,1,0,0,C7PJ
"Even an alleged child-killer is guaranteed to be seen as innocent until proven guilty in a court of law.  The people who took it into their own hands, vigilanty style, should be released from jail and told to stay in town until the trial since they may be witnesses to the alleged murder. . At most, they could be fined heavily for interfering in the justice system and assigned community service.",1,0,0,0,0,0,0,0,0,0,0,0,0,0,0,0,0,OOCH
Horrible. God bless the soul of that child.,0,0,0,0,0,0,0,0,0,0,0,0,0,0,1,0,0,6WPE
"what if the person was not guilty, a case of mistaken identity???",0,0,1,0,0,0,0,0,0,0,0,0,0,0,0,0,0,NCV9
I would have joined in with beating him.,0,0,0,0,0,1,0,1,0,0,0,0,0,0,0,0,0,HCUF
I think the killer deserved what came to him.,0,0,0,0,0,1,0,1,0,0,0,0,0,0,0,0,0,XUYE
Terribly sad story.,0,0,0,0,0,0,0,0,0,0,0,0,0,0,1,0,0,4ZGF
"This is shocking, how did this happen?!!?",0,0,0,0,0,0,0,0,0,0,0,0,0,0,0,0,0,QZAZ
How horrible!,0,0,0,0,0,0,0,0,0,0,0,0,0,0,1,0,0,CWQW
I'll never understand what makes an adult kill a child.,0,0,0,0,0,0,0,0,0,0,0,0,0,0,0,0,0,AUVP
"While this person may have been the perpetrator, it is alleged at this point and the people that beat this man have no idea if it was him or not.",0,0,0,0,0,0,0,0,0,0,0,0,0,0,0,0,0,WFTL
I hope all facts come to light and not mob mentality worry.,0,0,0,0,0,0,0,0,0,0,0,0,0,0,0,0,1,PYYV
"My heart is in pain for this child and his or family.  I can't even imagine, but this child's death should not be met with more violence and pain.",0,0,0,0,0,0,0,0,0,0,0,0,0,0,1,0,0,SIF9
"I don't condone this kind of mob justice, but I can't say I blame the people involved.  ",1,0,0,0,1,1,0,1,0,0,0,0,0,0,0,0,0,LEIB
"Why did they just beat him? Kill my child and lose your life, simple as that. Good luck getting a grand jury to indict me.",0,0,0,0,0,1,1,1,0,0,0,0,0,0,0,0,0,QDAT
"This can't be acceptable,Need rights to the child.",0,0,0,0,0,0,0,0,0,0,0,0,0,0,0,0,0,SDKM
I hope *taken into custody* doesn't mean arrested. Sounds like a natural reaction to the killing of child.,0,0,0,0,1,1,0,1,0,0,0,0,0,0,0,0,0,14HF
This is horrible and this is why people cant say oh refugees are fine. A very strict monitoring system should be put into place. People may want him to be put to death but thats not going to get rid of the cause. Its other parts of the world that have crazy beleifs.,0,0,0,0,0,1,0,0,0,1,1,0,0,0,1,0,0,PQFY
its nice,0,0,0,0,0,0,0,0,0,0,0,0,0,0,0,0,0,NMLN
"As heinous as this crime is, mob ""justice"" is never the answer. Especially when he hasn't even been convicted of a crime yet.",0,0,0,0,0,0,0,0,0,0,0,0,0,1,0,0,0,2FDA
"What this man did is terrible, but taking the law into your own hands is not the answer.",0,0,0,0,0,0,0,0,0,0,0,0,0,0,1,0,0,8DOX
Horrible two ways,0,0,0,0,0,0,0,0,0,0,0,0,0,0,1,0,0,1EWP
"Well, that man deserved it.",0,0,0,0,0,1,0,1,0,0,0,0,0,0,0,0,0,DSPJ
I don't blame them for wanting to enact justice.  Especially when the justice system often fails to deliver it.,0,0,0,0,0,1,0,1,0,0,0,0,0,0,0,0,0,SI99
Indiana man facing charges for breaking into Cincinnati home twice.,0,0,0,0,2,0,0,0,0,0,0,0,0,0,0,0,0,VRB9
"How awful for the poor baby, :( Karma came quick for the murderer and I hope nothing but hell for him as long as he lives.",0,0,0,0,0,1,0,1,0,1,0,0,0,0,1,0,0,HSN1
Good idea,0,0,0,0,0,0,0,0,0,0,0,0,0,0,0,0,0,MMOU
This is a terrible tragedy and my thoughts go out to the family of the victim.,0,0,0,0,0,0,0,0,0,0,0,0,0,0,1,0,0,SSGL
It was bad for socity,0,0,0,0,0,0,0,0,0,0,0,0,0,0,0,0,0,EZMV
People should not take the law into their own hands. That man is innocent until proven guilty.,0,0,0,0,0,0,0,0,0,0,0,0,0,0,0,0,0,3YWB
I think police should take care of justice,0,0,0,0,0,0,0,0,0,0,0,0,0,0,0,0,0,LRHY
I can't agree with the actions of the community.  The alleged perpatrator may not even be responsible for the murder.,0,0,0,0,0,0,0,0,0,0,0,0,0,0,0,0,0,KLXT
"If he was the perpetrator, dude got what he reserved",0,0,0,0,0,1,0,1,0,0,0,0,0,0,0,0,0,XMWG
"This is terrible. I can not say that the locals were right for beating the perpetrator, but I can not say they were wrong for it also.",1,0,0,0,1,1,0,1,0,0,0,0,0,0,1,0,0,E6NA
"It is good the alleged perpetrator was seized and he should be tried fairly.  But the mob mentality and violence to take matters into their own hands is dangerous and those involved must face charges, also.",0,0,0,0,0,0,0,0,0,0,0,0,0,0,0,0,0,LJQH
"Such a tragedy, prayers to the family",0,0,0,0,0,0,0,0,0,0,0,0,0,0,1,0,0,ZR04
Very sad story but I really hope this doesn't lead to something else. All it takes is one person for white people to blame the whole group.,0,0,0,1,2,0,0,0,0,0,1,0,0,0,1,0,0,HO6B
You can't take the law into your own hands.  All people are entitled to due process.,0,0,0,0,0,0,0,0,0,0,0,0,0,0,0,0,0,G8DD
"It’s a horrible what they had done, but that is why we have the law and police to take care of the bad guys.",0,0,0,0,0,0,0,0,0,0,0,1,0,0,1,0,0,OCEF
How do they know the guilt of the perpetrator,0,0,1,0,0,0,0,0,0,0,0,0,0,0,0,0,0,A7UK
fake news,0,1,0,0,0,0,0,0,0,0,0,0,0,0,0,0,0,WASO
We must follow the legal system even in heinous crimes.,0,0,0,0,0,0,0,0,0,0,0,1,0,1,0,0,0,SQ7Q
Innocent until proven guilty no longer applies?,0,0,0,0,0,0,0,0,0,0,0,0,0,0,0,0,0,WE4F
if he did that to my kid i would retailiate f it,0,0,0,0,0,1,0,1,0,0,0,0,0,0,0,0,0,XIUZ
I feel for the victims and their family. Sad to see such a thing happen.,0,0,0,0,0,0,0,0,0,0,0,0,0,0,1,0,0,07TQ
"As long as the residents were 100% sure that this man committed this crime, then this beating was justified (such as, numerous people seeing him committ this crime or the suspect bragging to numerous people about committing it). The people that beat him up should not have been arressted. Too many times, the justice system either takes too long to secure justice or the various choices and plea deals available do not hand the proper sentence down to the perpetrator and they get off way too easy for the crime that they committed. The people should be able to achieve their own justice when the system fails to do so. Anybody that hurts an innocent child should receive the ut-most punishment available.",0,0,0,0,0,1,0,1,0,0,0,0,0,0,0,0,0,JHKX
He deserves worse than the beating he took.,0,0,0,0,0,1,0,1,0,0,0,0,0,0,0,0,0,RYQS
This man should suffer heavy sentence for killing a child if not death sentence.,0,0,0,0,0,1,1,0,0,0,0,0,0,0,0,0,0,VQKS
This is called anarchy and is not the way our justice system works.,0,0,0,0,0,0,0,0,0,0,0,1,0,0,0,0,0,BWT1
"This was a senseless crime, my prayers grow out to the family of the victime.  We need to do more more to vet refugees and moderate our borders",0,0,0,0,0,0,0,0,0,0,1,1,0,0,0,0,0,R4HT
"We need more mental illness treatment, funding, and awareness in this country. Note to other commenters: you are ignorant. Educate yourselves, and perhaps this sort of violence can be prevented in the future.",0,0,0,0,0,0,0,0,0,0,0,1,0,0,0,0,0,P3KT
"This is an awful situation all the way around. If it is true that the alleged suspect intentionally or recklessly killed the child, then he got off easy from the three who beat him up.",0,0,0,0,0,1,0,1,0,0,0,0,0,0,0,0,0,SVNS
I hope that the police can talk with the family of the victims. this is so sad,0,0,0,0,0,0,0,0,0,0,0,0,0,0,1,0,0,10GV
I sure hope they beat the right person,0,0,0,0,0,0,0,0,0,0,0,0,0,0,0,0,0,08B6
"I understand the will to retribution, but I cannot condone vigilante action. There is a legal process for a reason and as citizens we have to follow that process.",0,0,0,0,0,0,0,0,0,0,0,1,0,0,0,0,0,QW8I
"How did they people that beat the hell out of the alleged perp, know for sure he is the one that killed the child. In this country we seem to judge very quickly these days",0,0,0,0,0,0,0,0,0,0,0,1,0,0,0,0,0,4CPQ
why did he do it?,0,0,0,0,0,0,0,0,0,0,0,0,0,0,0,0,0,4L4N
The loss of a child in unfathomable,0,0,0,0,0,0,0,0,0,0,0,0,0,0,0,0,0,EU6U
"I, too, hope this can be resolved without any more violence. I feel for the parents.",0,0,0,0,0,0,0,0,0,0,0,0,0,0,1,0,0,NHSW
"It says ""alleged"", so they don't even know if that person they beat really was the person. Sad.",0,0,0,0,0,0,0,0,0,0,0,0,0,0,1,0,0,JIRT
"This story is truly devastating, prayers go out to the family. I also want to caution people about taking justice into their own hands, this person could'  | This story is truly devastating, prayers go out to the family. I also want to caution people about taking justice into their own hands, this person could  | Continuation from my last comment. This person could've hurt more people, please be careful.",0,0,0,0,0,0,0,0,0,0,0,0,0,0,1,0,0,XWIY
Good thing he's off the streets.,0,0,0,0,0,0,0,0,0,0,0,0,0,0,0,0,0,XXLN
Horrible and sad.   Is vigilante justice an answer?,0,0,0,0,0,0,0,0,0,0,0,0,0,0,1,0,0,EGTN
"I would have to be ceratin he was the suspect, before I did anything. But if it were certain, I would have nothing to live for, an eye for an eye!",1,0,0,0,0,0,0,0,0,0,0,0,0,0,0,0,0,3ZEM
he is innocent until proven.  Mobs are barbaric,0,0,0,0,0,0,0,0,0,1,0,0,0,0,0,0,0,3YIT
"This is horrible on all accounts...prayers for the child, but citizens can't act as vigilantes (what if this guy they beat is innocent?)",0,0,1,0,0,0,0,0,0,0,0,0,0,0,1,0,0,JKR0
"This is so sad, but 2 wrongs dont make a right.",0,0,0,0,0,0,0,0,0,0,0,0,0,0,1,0,0,AHCK
Makes me happy that someone beat the perpetrator up. I hope those who did do not face any charges.,0,0,0,0,0,1,0,1,0,0,0,0,0,0,0,0,0,JWQC
Got what he deserved.,0,0,0,0,0,1,0,1,0,0,0,0,0,0,0,0,0,LDL2
I hope the family of the victim get the justice they deserve.,0,0,0,0,0,0,0,0,0,0,0,0,0,0,0,0,0,D7BU
Another sad tragedy in America.,0,0,0,0,0,0,0,0,0,0,0,0,0,0,1,0,0,1YWQ
TRUE DEFINITION OF MOB JUSTICE. NOT DESIRED BUT AT TIMES VERY HARD TO PREVENT,0,0,0,0,0,0,0,0,0,0,0,0,0,0,0,0,0,NHIN
How sad,0,0,0,0,0,0,0,0,0,0,0,0,0,0,1,0,0,X8SN
Vigilante justice helps no one in this situation.,0,0,0,0,0,0,0,0,0,0,0,0,0,0,0,0,0,WP9Q
if the male is guilty he's lucky he only got beaten,0,0,0,0,0,1,0,1,0,0,0,0,0,0,0,0,0,ZXJC
"This is really sad, wondering who this man was, he only lived in the area for a year,  and why he murdered an innocent child. ",0,0,1,0,0,0,0,0,0,0,0,0,0,0,1,0,0,F209
allegedly....,0,0,0,0,0,0,0,0,0,0,0,0,0,0,0,0,0,7KWY
"You get what you deserve. An eye for eye, literally.",0,0,0,0,0,1,0,1,0,0,0,0,0,0,0,0,0,8CUW
"An example of both safety in numbers and danger in crowds, all rolled into one.",0,0,0,0,0,0,0,0,0,0,0,0,0,0,0,0,0,XXSZ
"why are they attacking him? He's only an alleged killer, he could be innocent.",0,0,1,0,0,0,0,0,0,0,0,0,0,0,0,0,0,NHL2
I would die if something happens to my son,0,0,0,0,0,0,0,0,0,0,0,0,0,0,1,0,0,EPLE
some people are worthless and harming an innocent child is terrible,0,0,0,0,0,0,0,0,0,1,0,0,0,0,1,0,0,ONKO
We should keep in mind that at this time he is the alleged perpetrator.,0,0,0,0,0,0,0,0,0,0,0,1,0,0,0,0,0,XRUB
they should have killed him,0,0,0,0,0,1,1,1,0,0,0,0,0,0,0,0,0,5APD
People should not take the law into their own hands,0,0,0,0,0,0,0,0,0,0,0,0,0,0,0,0,0,BNO4
We're supposed to live in a society where proof is required before guilt can be determined.  Justice can only be achieved when due process is followed.  I hope to see the attackers and the alleged murderer prosecuted for their crimes.,0,0,0,0,0,1,0,0,0,0,0,0,0,0,0,0,0,YFCH
I'd need to know with 100% certainty that he is guilty before condoning beating him.,1,0,0,0,1,0,0,0,0,0,0,0,0,0,0,0,0,WMHM
Wow. Just wow.,0,0,0,0,0,0,0,0,0,0,0,0,0,0,0,0,0,KLIE
"Article gives no information on if he committed the crime or not, need more information before passing judgement",0,0,1,0,0,0,0,0,0,0,0,0,0,0,0,0,0,9VB6
How can the man be like this?,0,0,0,0,0,0,0,0,0,0,0,0,0,0,0,0,0,VQHC
These things I cannot comprehend. You have to be an animal to kill a child,0,0,0,0,0,0,0,0,1,0,0,0,0,0,0,0,0,HO6S
"So tragic. That poor child.  Also, how do we know this ALLEGED perpetrator is the actual murderer? The locals are just as bad as the murderer with this behavior.",0,0,1,0,0,0,0,0,0,0,0,1,0,0,1,0,0,ONTT
"So much hatred and violence...My instinct is to agree with Donut227, however, violence will not be lessened by doing more violent acts. What is the answer?",1,0,0,0,0,0,0,0,0,0,0,0,0,0,0,0,0,3WQE
He got what he deserved.,0,0,0,0,0,1,0,1,0,0,0,0,0,0,0,0,0,5UNK
"If I had some alone time with the person who killed my child, I don't think he would have been left alive. I would have to know for sure though and have verifiable evidence proving that this was the person who commited said crime. These locals I don't believe knew that this man had really done it for sure.",1,0,0,0,0,1,1,1,0,0,0,0,0,0,0,0,0,PO3Z
"Of course they are going to take the residents in, bill them, charge them and release them. The guy deserved it. ",0,0,0,0,0,1,0,1,0,0,0,0,0,0,0,0,0,WJLR
Anyone got a link to the video?,0,0,1,0,2,0,0,0,0,0,0,0,0,0,0,0,0,JJ1V
He deserves the same treatment he gave that poor child. Hope he rots,0,0,0,0,0,1,1,1,0,0,0,0,0,0,0,0,0,PG6L
Nobody knows if the alleged perpetrator actually did the killing.  Innocent until proven guilty.,0,0,0,0,0,0,0,0,0,0,0,0,0,0,0,0,0,4SSY
This is absurd,0,0,0,0,0,0,0,0,0,0,0,0,0,0,0,0,0,7LEV
I hope this gets solved,0,0,0,0,0,0,0,0,0,0,0,0,0,0,0,0,0,JBKG
Killing is evil. I dont believe this,0,1,0,0,0,0,0,0,0,1,0,0,0,0,0,0,0,GWXW
The perpetrator was seriously injured; I hope the fellow prisoners finish him off,0,0,0,0,0,1,1,1,0,0,0,0,0,0,0,0,0,CRQF
This is interesting.,0,0,0,0,0,0,0,0,0,0,0,0,0,0,0,0,0,ECJO
What a tragedy.,0,0,0,0,0,0,0,0,0,0,0,0,0,0,1,0,0,78UE
"Guilty until proven innocent!  Oh wait, that is not supposed to be the way it works, is it?",0,0,0,0,0,0,0,0,0,0,0,0,0,0,0,0,0,MFJD
Fair Trials!!!!,0,0,0,0,0,0,0,0,0,0,0,0,0,0,0,0,0,QSYT
God bless those people who sought out justice for that child.,0,0,0,0,0,1,0,1,0,0,0,0,0,0,0,0,0,QKVO
It's terrible but people can't take it upon themselves to get justice. That's a line we can't cross in society.,0,0,0,0,0,0,0,0,0,0,0,1,0,0,1,0,0,YOA3
This is basically a modern day lynch mob. It's allegations.,0,0,0,1,0,0,0,0,0,0,0,0,0,0,0,0,0,CKLQ
"Idiots shouldn't take the law into their own hands, no matter how much a person might deserve it, because now they're in trouble too.",0,0,0,0,0,0,0,0,0,0,0,0,0,0,0,0,0,TOML
That's sad.,0,0,0,0,0,0,0,0,0,0,0,0,0,0,1,0,0,QVDV
A poorly written article. Why not tell t full story?,0,0,1,0,0,0,0,0,0,0,0,0,0,0,0,0,0,OBQZ
I hope they did not accidentally beat and injure an innocent man.,0,0,0,0,0,0,0,0,0,0,0,0,0,0,0,0,0,RP07
This is such a sad story. Wow.,0,0,0,0,0,0,0,0,0,0,0,0,0,0,1,0,0,HNPA
so sad,0,0,0,0,0,0,0,0,0,0,0,0,0,0,1,0,0,HWX4
There is no place for vigalantism no matter how disgusting his actions are.  | This is a terrible action all around.,0,0,0,0,0,0,0,0,0,0,0,0,0,1,1,0,0,UHCE
This is a very terrible event.,0,0,0,0,0,0,0,0,0,0,0,0,0,0,1,0,0,ERDE
I hope this doenst happen again.,0,0,0,0,0,0,0,0,0,0,0,0,0,0,0,0,0,BQJN
This is horrible. Hope he got the justice he deserves!,0,0,0,0,0,0,0,0,0,0,0,0,0,0,1,0,0,DKXB
I wonder if the perpretator was actually the one who committed the homicide. What evidence did the vigilante group have that made them so sure he was the person who commited the crime?,0,0,1,0,0,0,0,0,0,0,0,0,0,0,0,0,0,IHIF
"It's just a sad situation, all around. ",0,0,0,0,0,0,0,0,0,0,0,0,0,0,1,0,0,OQ0H
"Vigilantes do no good, let the police take care of the situation, then in prison let the cell block take care of him",0,0,0,0,1,1,0,1,0,0,0,0,0,0,0,0,0,REA6
what is this world coming to? it breaks my heart to hear of all the crimes against defenseless children!,0,0,0,0,0,0,0,0,0,0,0,0,0,0,1,0,0,R8TA
"The article does not mention whether there was good evidence linking the murder suspect to the child's killing. If they beat up the wrong guy, then there is a real murderer on the streets thinking he/she got away with something. ",0,0,1,0,0,0,0,0,0,0,0,0,0,0,0,0,0,JB4Z
"Sad to see such a tragedy strike a town, however, I think that man deserved more than a severe beating for killing a child. ",0,0,0,0,0,1,1,1,0,0,0,0,0,0,1,0,0,PBPR
We have police for a reason.  We can't take the law into our own hands and attack someone that we THINK may have killed someone.  He has not been tried or convicted yet.  What if he actually is innocent?,0,0,0,0,0,0,0,0,0,0,0,1,0,0,0,0,0,GDMX
"I hope they didn't beat up the wrong guy.  If it's the right guy, though, good on them.",0,0,0,0,0,1,0,1,0,0,0,0,0,0,0,0,0,4KET
wow thats crazy,0,0,0,0,0,0,0,0,0,0,0,0,0,0,0,0,0,EN9I
Guilt should be determined in cool deliberation during a trial.,0,0,0,0,0,0,0,0,0,0,0,0,0,0,0,0,0,BK1T
I wonder if they beat the right person...,0,0,1,0,0,0,0,0,0,0,0,0,0,0,0,0,0,FTET
This is very sad indeed!,0,0,0,0,0,0,0,0,0,0,0,0,0,0,1,0,0,L4BF
What went wrong?,0,0,1,0,0,0,0,0,0,0,0,0,0,0,0,0,0,EYLN
"They shouldn't have attacked an ""alleged"" perpetrator. Sounds like it's not based on facts.",0,0,0,0,0,0,0,0,0,0,0,0,0,0,0,0,0,SZK5
"As a former resident of Ohio, news like this makes me very upset.",0,0,0,0,0,0,0,0,0,0,0,0,0,0,1,0,0,8UZ2
He got what he deserved.,0,0,0,0,0,1,0,1,0,0,0,0,0,0,0,0,0,IAZL
That's some scary shit.,0,0,0,0,0,0,0,0,0,0,0,0,0,0,0,1,0,BS4V
"Not all those who belong to the Muslim community are bad, but unfortunately they do not have such a great stereotype in the media. This is very sad, my condolences go out to the victim's family.  ",0,0,0,1,2,0,0,0,0,0,1,0,0,0,1,0,0,8XAF
"This is awful. While I don't condone this kind of violence, the man also did bring this on himself by doing something so awful. Hopefully he is brought to justice.",0,0,0,0,0,1,0,1,0,0,0,0,0,0,1,0,0,RKS0
I feel bad for everyone including that dude if he didn't do it.,0,0,0,0,0,0,0,0,0,0,0,0,0,0,1,0,0,EMSM
This person is still an alleged perpetrator. There's a chance he could be innocent. I understand the community's response but think their reaction was a bit too presumptive.,1,0,0,0,0,0,0,0,0,0,0,0,0,0,0,0,0,9JPR
This is sad news,0,0,0,0,0,0,0,0,0,0,0,0,0,0,1,0,0,KZE9
The mob did not have to take justice into their own hands.,0,0,0,0,0,0,0,0,0,0,0,0,0,0,0,0,0,YSI7
this is very sad,0,0,0,0,0,0,0,0,0,0,0,0,0,0,1,0,0,KXLI
this is a horrible event,0,0,0,0,0,0,0,0,0,0,0,0,0,0,1,0,0,5VKY
I think it's unfair that the people assumed the man was guilty just because the police were picking him up.,0,0,0,0,0,0,0,0,0,0,0,0,0,0,0,0,0,YANH
It's very sad. Prayers go out to the child and his/her family.,0,0,0,0,0,0,0,0,0,0,0,0,0,0,1,0,0,YQET
This is crazy.,0,0,0,0,0,0,0,0,0,0,0,0,0,0,0,0,0,FUIM
all good | all good | all good | all good | all good | all good | all good | all good | all good | all good | all good | all good | all good | all good | all good,0,0,0,0,0,0,0,0,0,0,0,0,0,0,0,0,0,QRMC
"Wow, this is so messed up. I mean all around it is such a horrible and unfortunate situation. I pray God's hand over this whole situation and those affected.",0,0,0,0,0,0,0,0,0,0,0,0,0,0,1,0,0,8GBJ
Crazies gonna cray,0,0,0,0,0,0,0,0,0,0,0,0,0,0,0,0,0,RWCT
"Even though what this man did was horrible, he should have been arrested and not beaten in the street. There is a judicial system set in place to handle this.",0,0,0,0,0,0,0,0,0,0,0,0,0,0,1,0,0,GS4B
"Wow, now we have mobs tracking down and beating ALLEGED perpetrators. USA is going downhill and becoming a third-word country.",0,0,0,0,0,0,0,0,0,0,0,1,0,0,0,0,0,HCMN
hmm,0,0,0,0,0,0,0,0,0,0,0,0,0,0,0,0,0,YMGA
"We should be wary about rushing to judgement.  The murder of a child is a most heinous crime, but unless someone actually witnessed it happen or has incontrovertible proof it is possible that the suspect is actually innocent.  If that is the case then it would turn out that the local residents beat up an innocent man, while the real murderer is out there.",0,0,0,0,0,0,0,0,0,0,0,1,0,0,0,0,0,FLUN
I wonder what the whole story is here.,0,0,1,0,0,0,0,0,0,0,0,0,0,0,0,0,0,XUTJ
"There isn't much information to go by in this article, we don't know all the details, except that a group of people decided to take matters into their own hands (vigilante justice). We don't live in a third world country, this kind of behavior is reprehensible. One tragedy had already occurred, no need for another.",0,0,1,0,0,0,0,0,0,0,0,1,0,0,0,0,0,9WLL
I hope it does not turn out that they beat the wrong person. Vigilante justice is dangerous.,0,0,0,0,0,0,0,0,0,0,0,0,0,0,0,0,0,H679
"If he would have touched any of my children I would have probably done the same, I feel they have the right of self defense, and by self defense im mean defending those whom they love that are not able to defend themselves. That man deserves to rot ",0,0,0,0,0,1,0,1,0,0,0,0,0,0,0,0,0,EJNW
The suspect got what he deserved for beating up and slaying the child.,0,0,0,0,0,1,0,1,0,0,0,0,0,0,0,0,0,E8XB
Such a horrible and disturbing story all around.,0,0,0,0,0,0,0,0,0,0,0,0,0,1,1,0,1,ZAMA
what a bad action,0,0,0,0,0,0,0,0,0,0,0,0,0,0,0,0,0,ZD6Y
Disgraceful.,0,0,0,0,0,0,0,0,0,0,0,0,0,0,0,0,0,HBOB
How could someone kill a child? That's so evil!,0,0,0,0,0,0,0,0,0,1,0,0,0,0,0,0,0,NPEJ
I hope these people are tried and convicted if guilty.  Taking the law in your own hands is not how a civilized community works.,0,0,0,0,1,0,0,0,0,0,0,0,0,0,0,0,0,KVJG
We are a nation of laws and vigilante action is never appropriate.,0,0,0,0,0,0,0,0,0,0,0,1,0,0,0,0,0,8GWI
"""Mama bear"" is a nice way of saying I'd rip you to shreds for harming my child.",0,0,0,0,0,1,0,1,0,0,0,0,0,0,0,0,0,SQJQ
Sad,0,0,0,0,0,0,0,0,0,0,0,0,0,0,1,0,0,4RJO
You all have incredible grammar and punctuation for this being the internet.,0,1,0,0,0,0,0,0,0,0,0,0,0,0,0,0,0,BYF3
I hope they find out what really happened,0,0,0,0,0,0,0,0,0,0,0,0,0,0,0,0,0,U4Y2
"The word that makes this bad is ""alleged"".",0,0,0,0,0,0,0,0,0,0,0,0,0,0,0,0,0,CAHX
This story is lacking in details. How did people learn the suspect's identity? Are they related to the victim?,0,0,1,0,0,0,0,0,0,0,0,0,0,0,0,0,0,ONJL
So sad. He clearly deserved to be beat. I have no feelings for him at all. Poor kiddo,0,0,0,0,0,1,0,1,0,0,0,0,0,0,1,0,0,M0V5
Read The Oxbow Incident to see why we shouldn't have vigilante parties like this.,0,0,0,0,0,0,0,0,0,0,0,1,0,0,0,0,0,N9SV
No details are given regarding why the locals thought the man killed the child. Direct witnesses? Prior threats or involvement?,0,0,1,0,0,0,0,0,0,0,0,0,0,0,0,0,0,CQ1A
"Very, very sad.",0,0,0,0,0,0,0,0,0,0,0,0,0,0,1,0,0,BIDK
sad story all around,0,0,0,0,0,0,0,0,0,0,0,0,0,0,1,0,0,M0TL
Such a sad story...hope no one ever has to go through this kind of situation :(,0,0,0,0,0,0,0,0,0,0,0,0,0,0,1,0,0,OUYC
Arrest and prosecute this creep to the limit of the law. Use him as an example of other people who hurt children!,0,0,0,0,0,1,0,0,0,0,0,0,0,0,0,0,0,MJBW
that is exactly what he deserves,0,0,0,0,0,1,0,1,0,0,0,0,0,0,0,0,0,SLX0
You get what you deserve,0,0,0,0,0,1,0,1,0,0,0,0,0,0,0,0,0,AGYV
Wow thats brutal,0,0,0,0,0,0,0,0,0,0,0,0,0,0,0,0,0,NPGZ
Sicko,0,0,0,0,0,0,0,0,0,0,0,0,0,1,0,0,0,FPFA
Mob mentality. What happens if they find out that this alleged perp isn't the right guy? Where's the justice then?,0,0,1,0,0,0,0,0,0,0,0,0,0,0,0,0,0,6JTJ
Hope they got the right guy.,0,0,0,0,0,0,0,0,0,0,0,0,0,0,0,0,0,M3GN
Ending the life of a child is a terrible thing but what drove people to think it was him? What proof was given?,0,0,0,0,0,0,0,0,0,0,0,0,0,0,1,0,0,PKYL
That is absolutely horrific.,0,0,0,0,0,0,0,0,0,0,0,0,0,1,0,1,0,5GCX
"The alleged perpetrator. We don't actually know what happened here, and in middle America I'm sure anyone with brown skin is an automatic target. Until the details come out I'd be careful thinking this mob justice is... good, in any reasonable way?",0,0,0,1,2,0,0,0,0,0,1,1,0,0,0,0,0,FN8P
That is awful. That poor child.,0,0,0,0,0,0,0,0,0,0,0,0,0,0,1,0,0,HUVQ
Sad and unnecessary,0,0,0,0,0,0,0,0,0,0,0,0,0,0,1,0,0,4FW1
What a terrible situation.,0,0,0,0,0,0,0,0,0,0,0,0,0,0,1,0,0,1FG3
IT WAS VERY EMOTIONAL,0,0,0,0,0,0,0,0,0,0,0,0,0,0,0,0,0,TFXH
is this life?,0,0,0,0,0,0,0,0,0,0,0,0,0,0,0,0,0,HLET
Ridiculous - guy should get death penalty,0,0,0,0,0,1,1,0,0,0,0,0,0,0,0,0,0,VFJR
I do not feel sorry for the perpetrator even if this was an act of vigilantism.,0,0,0,0,0,1,0,1,0,0,0,0,0,0,0,0,0,TCBY
I don't think that the locals should have involved themselves in the investigation. They should have left it to the professionals.,0,0,0,0,0,0,0,0,0,0,0,0,0,0,0,0,0,IEYI
"Vigilante justice is no true justice. I can understand why the locals took action, but they need to be held accountable for their own actions.",1,0,0,0,1,0,0,0,0,0,0,0,0,0,0,0,0,FA9Q
When and where was the child killed? I am concerned that this article is missing information about that event.,0,0,1,0,0,0,0,0,0,0,0,0,0,0,0,0,0,5B0C
"This makes me sad, but I can't help but to feel donut227's statement very much.",0,0,0,0,0,1,0,1,0,0,0,0,0,0,1,0,0,AR01
"Hmm, I thought it was innocent before proven guilty in a court of law in America.",0,0,0,0,0,0,0,0,0,0,0,0,0,0,0,0,0,NFVW
He deserves worse than he got,0,0,0,0,0,1,0,1,0,0,0,0,0,0,0,0,0,OPGE
we need border protection no borders mean we have no country,0,0,0,0,1,0,0,0,0,0,1,1,0,0,0,0,0,FXKY
"My heart goes out to the victim and the victims' family regardless of who the perpetrator is, but before beating the guy someone should've made sure he actually was the perpetrator.",0,0,0,0,0,0,0,0,0,0,0,0,0,0,1,0,0,MCWB
There is nothing worst than losing your own child. My condolences to the family.,0,0,0,0,0,0,0,0,0,0,0,0,0,0,0,0,0,I1AM
If he alleged then how do they know one hundred percent that he is guilty? Now having said that I would have a very hard time not being violent if it were my child.,1,0,0,0,1,1,0,1,0,0,0,0,0,0,0,0,0,SMJ8
"It is very sad and terrible that this happened, but I can understand why the towns people would do something like this could happen.",1,0,0,0,1,0,0,0,0,0,0,0,0,0,1,0,0,JRF5
"I wonder what led the ""locals"" to believe that this man was the murderer.",0,0,1,0,0,0,0,0,0,0,0,0,0,0,0,0,0,TCIS
"Violence is uncalled for on all levels, by the perpertrator and by people reacting on their own. Let the justice system do its work.",0,0,0,0,0,0,0,0,0,0,0,0,0,0,0,0,0,DEZQ
The Homicide of Local Child is very best  | The Homicide of Local Child is very best,0,0,0,0,0,0,0,0,0,0,0,0,0,0,0,0,0,01VA
Condolences to her family so horrible,0,0,0,0,0,0,0,0,0,0,0,0,0,0,1,0,0,3GGO
Hopefully the right man is punished.,0,0,0,0,1,0,0,0,0,0,0,0,0,0,0,0,0,EELO
The loss of a child is unbearable but vigilantism is wrong.,0,0,0,0,0,0,0,0,0,0,0,0,0,0,1,0,0,ZRPE
well that's not good.,0,0,0,0,0,0,0,0,0,0,0,0,0,0,0,0,0,YT7C
You gotta let the law handle these things.  It's only going to cause you problems when you try to serve your own justice.,0,0,0,0,0,0,0,0,0,0,0,0,0,0,0,0,0,RLEJ
"THIS IS VERY SAD , TOO MANY KILLINGS OF YOUNG CHILDREN",0,0,0,0,0,0,0,0,0,0,0,0,0,0,1,0,0,BACX
"No parent should endure this pain, children are suppose to burry their parents and not the other way around. I hope this evil man gets what is coming to him!",0,0,0,0,0,1,0,0,0,1,0,0,0,0,0,0,0,56DJ
"He got what he had coming, what a sick man",0,0,0,0,0,1,0,1,0,1,0,0,0,1,0,0,0,KHVU
"People are jumping the gun a bit here, aren't they?",0,0,0,0,0,0,0,0,0,0,0,0,0,0,0,0,0,QGBO
"There is never an excuse for murder, let alone the murder of a child. ",0,0,0,0,0,0,0,0,0,0,0,0,0,0,0,0,0,SCMS
Hurting a child is the worst thing you could ever do.,0,0,0,0,0,0,0,0,0,0,0,0,0,0,0,0,0,9AFS
wow,0,0,0,0,0,0,0,0,0,0,0,0,0,0,0,0,0,HUZY
"It's hard to do sometimes, but vigilantism isn't the answer, especially when someone hasn't been found guilty yet.",0,0,0,0,0,0,0,0,0,0,0,0,0,0,0,0,0,1IZU
"While I am glad that the alleged killer was taken into custody and off the streets, I am glad they didn't let the residents go scotch free. We can't take justice into our own hands especially without proof. That said, I also understand why they did. If I knew someone hurt my child, I'd kill them consequences and all.",1,0,0,0,1,1,1,1,0,0,0,1,0,0,0,0,0,EASE
"One act of violence isn't stopped by another. One is horrific and the other isn't justice, it is only teaching in that, it makes it easier, it sets an unjustifiable precedence.",0,0,0,0,0,0,0,0,0,0,0,0,0,1,0,1,0,PBYT
When a child is murdered this makes people angry and if they thought or knew he had killed the child I can see why they would be angry,0,0,0,0,0,0,0,0,0,0,0,0,1,0,0,0,0,EPCL
Wow! Why would this Muslim refugee want to kill someone like that? He should be deported immediately with a permanent ban from the country for life!,0,0,0,0,0,1,0,0,0,0,1,0,0,0,0,0,0,GG9C
Incredibly sad on multiple fronts...,0,0,0,0,0,0,0,0,0,0,0,0,0,0,1,0,0,5FHN
If this happened to me I wouldn't know what to think that's just disgusting and honestly this guy deserves all the hate he's getting.,0,0,0,0,1,1,0,1,0,0,0,0,0,1,0,0,0,4LIS
Sad story all around.,0,0,0,0,0,0,0,0,0,0,0,0,0,0,1,0,0,EYMU
he got what he deserved.,0,0,0,0,0,1,0,1,0,0,0,0,0,0,0,0,0,1M5L
This makes me so sad.,0,0,0,0,0,0,0,0,0,0,0,0,0,0,1,0,0,Z7WK
Too bad they didn't kill the perp!,0,0,0,0,0,1,1,1,0,0,0,0,0,0,0,0,0,QPKS
"If the middle aged man was the perpetrator, I think he got what he deserved.",0,0,0,0,0,1,0,1,0,0,0,0,0,0,0,0,0,YO9B
"I fail to see the compassion for refugees, especially when they commit such horrible crimes against a child or our country. ",0,0,0,0,0,0,0,0,0,0,1,1,0,0,0,0,0,LMN2
Just a very devestating situation all around.,0,0,0,0,0,0,0,0,0,0,0,0,0,0,1,0,0,C8WW
Its a tough choice to cause harm to someone who has taken someone special from your life. Killing the perp does not anser the question of why this happens,0,0,0,0,0,0,0,0,0,0,0,0,0,0,0,0,0,AY4B
It is not good for anyone to suffer such mob justice.,0,0,0,0,0,0,0,0,0,0,0,0,0,0,0,0,0,BHSV
It's premature to attack someone who has not been proven guilty. This is behavior I would expect in some backward society.,0,0,0,0,0,0,0,0,0,0,0,0,0,0,0,0,0,GT1X
This was not a good thing and honestly I hope the family of the kid can get some closure,0,0,0,0,0,0,0,0,0,0,0,0,0,0,0,0,0,SGMO
I think we need more details before making further comments.,0,0,1,0,0,0,0,0,0,0,0,1,0,0,0,0,0,8ZI3
"Follow-up, please",0,0,1,0,0,0,0,0,0,0,0,0,0,0,0,0,0,25YB
Taking justice into your hands is never the solution.,0,0,0,0,0,0,0,0,0,0,0,0,0,0,0,0,0,BLWN
This is the definition of street justice. Glad they have the bad guy in custody!,0,0,0,0,1,1,0,1,0,1,0,0,0,0,0,0,0,ETN1
This is profoundly sad for all involved.  There is far too little detail to account for the cause of the events to make any conclusions.,0,0,1,0,0,0,0,0,0,0,0,0,0,0,1,0,0,TEDT
It is sad that the child was killed.  But taking justice into their own hands was a dangerous thing for these people to do.  Who gave them the power to judge?  What if they got the wrong person?,0,0,1,0,0,0,0,0,0,0,0,0,0,0,1,0,0,VKOV
I think that he deserved what he got. If that was my child I dont think I could refrain from hurting him either.,0,0,0,0,0,1,0,1,0,0,0,0,0,0,0,0,0,0QPF
"I don't want to leave a comment, nor do I want to like or report a comment. ",0,0,0,0,0,0,0,0,0,0,0,0,0,0,0,0,0,UTBL
"Sounds to me like city racism to blame the muslim, before a trail could even take place.",0,0,0,1,2,0,0,0,0,0,1,0,0,0,0,0,0,IYDQ
"""...the alleged perpetrator"". So was this the actual guy who did it? Or did the people beat up an innocent man?",0,0,1,0,0,0,0,0,0,0,0,0,0,0,0,0,0,ISBG
"I'm no fan of Muslim refugees, but vigilantism is just as bad.",0,0,0,0,0,0,0,0,0,0,1,0,0,0,0,0,0,IR0H
I don't know what I would do if it were my child. It's very sad that this keeps happening.,0,0,0,0,0,0,0,0,0,0,0,0,0,0,1,0,0,H0XL
Such a terrible event this was. I don't know what words can be said after such a act has taken place.,0,0,0,0,0,0,0,0,0,0,0,0,0,0,1,0,0,CDOL
I wonder if any of the locals that took justice into their own hands knew the victim.,0,0,0,0,0,0,0,0,0,0,0,0,0,0,0,0,0,OULM
How sad :(,0,0,0,0,0,0,0,0,0,0,0,0,0,0,1,0,0,8MRF
Anyone who messes with my children will find themselves in a body bag. Dirt nap. End of story.,0,0,0,0,0,1,0,1,0,0,0,0,0,0,0,0,0,062V
This is so sad. Prayers for the victims!,0,0,0,0,0,0,0,0,0,0,0,0,0,0,1,0,0,LJBQ
Were they sure that the man was guilty of the crime?,0,0,1,0,0,0,0,0,0,0,0,0,0,0,0,0,0,LUWJ
"I couldn't imagine how I would react if this man touched my child, however I think it's a tad aggressive that these people then attacked him. just let the police deal with him!",1,0,0,0,0,0,0,0,0,0,0,0,0,0,0,0,0,YQHT
"People should let the police handle it, and stop taking the law into their own hands. ",0,0,0,0,0,0,0,0,0,0,0,0,0,0,0,0,0,FPW8
What is wrong with him? Who can be so cruel!,0,0,0,0,0,0,0,0,0,1,0,0,0,0,0,0,0,JPUT
I am glad this guy was caught! Let them have jailhouse justice on him! Nobody likes people in jail who hurt kids or the elderly. He is a lowlife! Good work police keep the streets of Ohio safe!,0,0,0,0,0,1,0,1,0,0,0,0,0,0,0,0,0,R1QN
A heinous crime this person has to pay for what he did !! | A heinous crime this person has to pay for what he did !!,0,0,0,0,0,1,0,0,0,1,0,0,0,0,0,0,0,FM7G
This is terrible,0,0,0,0,0,0,0,0,0,0,0,0,0,0,1,0,0,E4DO