react_hom,react_mob,survey_code,cog_dissonance,fake_news,info_seeking,racism_hate,social_desirability,violence,lethal,extrajudicial,dehumanizing,demonizing,group,ingroup,anger,disgust,sadness,fear,anxiety
"How could a person do this to a child, why did the child deserve this, what made the person do this?","Did he deserve this, where is the law to protect him, did anyone come to help him, why did the people do this?",YGHD,0,0,1,0,0,0,0,0,0,0,0,0,0,0,0,0,0
I didn't really feel much of a reaction to it. We see stories worse than this on a daily basis and I've become desensitized to most. I also doubt it actually happened.,"Oops, I thought the previous page was a repeat of the first one. If I could go back to change my answers, they would be 'not at all' to the disgust, fear, anxiety, etc. And I'd rank the ones that were good emotions high. I think anyone who would do that deserves a beating, and worse. The 3 guys are in the right.",MUSZ,0,1,0,0,0,1,0,1,0,0,0,0,0,0,0,0,0
"I feel angry and shocked that someone would take the life of a child. I feel like it is a terrible crime. I feel for the child's parents, friends and other family.","While I understand the severity of the crime, the alleged perpetrator still deserved due process under the law. I do not believe that vigilante justice or acting with a mob mentality is ever justified.",Y50K,0,0,0,0,0,0,0,0,0,0,0,0,1,0,1,0,0
It is sad that any child would lose their life.  It makes me wonder about the circumstances around why the victim was attacked.  Did the attacker know the child?,"I do not believe in vigilante justice, but I am not terribly bothered by the fact that the perpetrator was attacked.  I do hope that his attack was not racially motivated and that he was the one that was truly guilty.",M4EA,1,0,1,1,0,1,0,1,0,0,1,0,0,0,1,0,0
I was extremely horrified by the homicide of the child described in the article because no parent should have to have that happen to their child.  I think that the person who did it is a horrible person.  My heart is saddened by what happened.,I can see why the people attacked him.  It is not fair that a child had to die in such a gruesome manner.  I think that their actions are justified because sometimes the justice system is not fair.,1XMW,0,0,0,0,0,1,0,1,0,1,0,0,0,1,1,1,0
A white person wouldn't do that. The article would have called him a white male if a white man did it. It was most likely a black thug.,It's understandable. They shouldn't be punished in any way. The criminal's life is forfeit after he took another person's life. I doubt that any jury would convict them.,O4T0,0,0,0,0,0,1,1,1,0,1,1,0,0,0,0,0,0
"I thought that the article described a very savage group.  I am not sure if justice was served.  I am troubled by the killing of the child, but also by the groups reaction.","I was very upset by the attack of the perpetrator.  I understand why the did it, but I do not think it was justified.  It was not justice. ",MMH7,0,0,0,0,0,0,0,0,0,1,0,0,0,0,1,0,0
It is horrifying to me that anybody would murder another person.  It's especially heinous to do that to a child.,"While it is extremely wrong what he did, two wrongs don't make a right.  The people who beat him are also guilty of assault and should be tried.",WKP3,0,0,0,0,0,0,0,0,0,0,0,0,0,0,1,1,0
i think it is horrible that this refugee would kill a child. Not sure on the motive of this killing by him.,i am not big fan of vigilante justice and the public taking part in the killing of the man. i think we have laws for a reason.,VYXI,0,0,0,0,0,0,0,0,0,0,1,1,0,1,1,0,0
I think it is sad that a child was killed and I wish things like that never had to happen. I hope that the perpetrator realizes his mistake and reforms.,"I don't think that these types of attacks should ever take place. There is a system of justice here that needs to be followed. It is definitely flawed, but there is no excuse for lynchings and street beatings when we have a system in place.",P5I9,0,0,0,1,0,0,0,0,0,0,0,1,0,0,1,0,0
I was shocked and saddened by the news. As a parent it also made me fearful and anxious. I felt great sympathy for the parents.,I understood why the people attacked him but was conflicted because I don't believe in harming others. I was also conflicted because of my strong emotions about the murder but think that the court system is the one that should punish him.,IOTU,1,0,0,0,0,1,0,0,0,0,0,0,0,0,1,1,1
It sounds hard to believe. I wonder what the circumstances were that led to it happening. It is sad if it is true.,I think that they know you if the person is guilty but it is unfortunate it that the group had to resort to physical violence.,ISOR,0,1,1,0,0,0,0,0,0,0,0,0,0,0,1,0,0
I'm honestly at a loss for words. I am a mother to two young children and can't even wrap my head around the pain of losing a child. I don't feel right judging others actions for beating the man that murdered the child because I can't honestly say I wouldn't have done the same thing. Especially without knowing more context about what happened to cause the death of a child by this man.,"This man killed a child so I can't say that I would judge the people that attacked him for his actions. Especially since I do not know very much about the murder of the child itself. Regardless of his race or status, he still murdered a child and that itself is an unthinkable act upon which God is the only true one to decide your punishment. May he have mercy on your soul.",3QVW,1,0,1,0,1,0,0,0,0,0,1,0,0,0,1,0,0
Another shitty group of Trumpers beating up a foreigner. I am guessing it wasn't the Muslim that killed the kid and that it was the parents as usual.,"It's in Ohio so it's not a big stretch that those Trump supporting meatheads would go after the nearest person that is not fat, white and Christian.",DJZX,0,0,0,1,0,0,0,0,0,0,1,0,0,0,0,0,0
"I felt sadness for the child because a child is so innocent and harmless. I was also angered that someone could kill an innocent child.
",I felt some satisfaction from the angry people that attacked the alleged perpetrator. The alleged perpetrator should not have killed an innocent child.,KTAX,0,0,0,0,0,1,0,1,0,0,0,0,1,0,1,0,0
Very sad and angry that a child was killed. I did feel anger towards the person that committed the killing but I am not 100% sure that this is the person that committed the crime. If it was my child I would beat the attacker with my own hands.,I think I would have the same reaction if this incident happened in my community. I think the person needs to go through legal methods and we should not take it upon ourselves to take justice into our own hands.,DAHI,1,0,0,0,0,1,0,1,0,0,0,1,1,0,1,0,0
"Children are killed every single day around the world. I've become desensitized to reading about violent acts like these. Once I was introduced to the concept of veganism and recognized the sheer level of horrors humans perpetrate on a daily basis, it became impossible to individually care about single deaths. The animal holocaust takes billions of lives every day. If I cried for every single sentient being who was brutally murdered by monsters, I'd never stop.","Again, I'm desensitized to evil acts since I'm surrounded by so many every day. I just saw it as another example of conservatives doing what they do best--finding someone who's different from them, hating that person, and hurting that person. I'll also note here that ""alleged"" does not mean guilty, but it seems as if you're using those words interchangeably. On earlier pages, I find no punishment to be appropriate for an ""alleged"" perpetrator. I only find punishments appropriate for those who are found guilty in a fair trial.",YUEW,0,0,0,0,0,0,0,0,1,1,0,0,0,0,0,1,0
"I only wonder what reason the person had for killing the child. It felt good knowing the community members were looking out for the kid, as the guy was beaten immedietely, which is how it should be.",It felt great knowing that the community had the back of the kid. I think it is great that someone committing such a terrible act had to deal with the citizens of the community immedietely. I wish something like this happened for every homicide.,QT9W,0,0,1,0,0,1,0,1,0,0,0,0,0,0,1,0,0
"IT IS HORRIBLE TO HEAR OF CHILDREN BEING HARMED IN ANY WAY, AND I FEEL THE HIGHEST SYMPATHY FOR THEIR FAMILIES. I DIDN'T LIKE THE FACT THAT THE MANS CRIME WAS LABELED WITH A RELIGION, THAT HAS NOTHING TO DO WITH WHAT HE DID.",THE PEOPLE THERE DID WHAT THEY FELT WAS NECESSARY TO DETAIN THE MAN. HE DESERVED TO BE HIT.,D7QL,0,0,0,1,0,1,0,1,0,0,1,0,0,1,1,0,0
"My reactions about this were that I wish that people would stop trying to bring in people whose ideals don't go well with our own. It is a horrible thing that this has happened, I hope that this incident will make people more aware of whose around them.","I am glad that there are people who are willing to go out of their way to try and solve a problem that no one else is willing to. The attack made me happy, even moreso the fact that while they severely injured him, he was still able to be tried as a criminal.",0ACI,0,0,0,0,0,1,0,1,0,1,1,1,0,1,1,0,0
"It makes me sick to my stomach that we have people like that walking among us. I try not to, but I can't help but think about what that poor child must have gone through. Bless this child.","People need to let the law, and those chosen to uphold the law take care of this scumbag. It is not right to attack someone like that. Especially when they have not yet been charged. Although, I COMPLETELY understand their uncontrollable anger. The man probably deserved to have been beaten. But we don't know that yet.",AQIZ,1,0,1,0,0,1,0,1,1,0,0,1,0,1,0,0,0
It made me upset to think someone could kill a child like this. I wanted to know what his punishment would be. I also wanted to know what caused this.,"I felt a little anxious about the attack. While I understand why the attackers would be angry, I think the punishment should be handled in a court of law. I also wondered if there were any racial motivations.",QIEW,0,0,1,1,0,0,0,0,0,0,0,0,0,0,1,0,1
"I cannot even fathom how someone could consider killing another human being, let alone a child!  That is completely unconscionable and I hope the true perpetrator is in jail for the remainder of their life.  As a parent this is a very upsetting story to read.",My immediate concern was that the people who attacked the perpetrator might not have targeted the correct person.  If that were the case then it would have been a terrifying and disgusting assault.  It is best to allow the police to detain someone and investigate the crime before any punishment is leveled on the individual as this better ensures that justice is properly served.,GO70,0,0,0,0,0,1,0,0,0,0,0,0,0,1,1,1,0
"Horrified and disgusted, simply unbelieving that a person would harm an innocent little human being like this. I am just so sad and angry and upset about it.",I think it was not justified because the law needs to deal with the perp and not citizens. This is not street justice and that does not help us as a society to take pleasure in this kind of act.,DQZR,0,0,0,0,0,0,0,0,0,0,0,1,1,1,1,1,0
It is awful that an innocent child lost their life because of a crazy sick excuse of a human being. The poor child had no way to defend his self and had to suffer a horrible death because of a monster.,"I can understand why the people attacked the perpetrator and their frustration. To know that a poor innocent child was tortured and brutally killed at the hands a an adult and had no way of defending his self is awful, I understand way the people wanted to attack the perpetrator ",KJTE,0,0,0,0,0,0,0,0,1,1,0,0,0,1,1,0,0
I felt sadness and fear that this has become the world that we now live in and the thought that our children have to live in such fear and troubling times breaks my heart. My heart goes out to the family and friends of this child.,I am somewhat appaled that they would attack a person before he is arrested and found guilty of killing the child but then on the other hand I can understand their anger and grief. I to believe that if someone harmed or hurt one of my children or grandchildren that I would want revenge on the person.,O8Y8,1,0,0,0,0,1,0,1,0,0,0,1,0,1,1,1,1
"It is horrible to think of the killing of a child.  Who did it plays into it somewhat, but the the act
itself is horrific.","Seems like this is a repeat of what was asked before.  Are you asking about the attack by or
on the alleged perpetrator?  The attack by was horrific.  The attack on is understandable but
not acceptable behavior.",COP7,0,0,0,0,0,0,0,0,0,0,0,0,0,1,1,1,0
I wonder why the man killed the child. I am not surprised by the vigilante justice that the people in the town committed.,I am not surprised that people in the town committed vigilante justice against the perpetrator. The story noted that he is muslim but I am not sure why that is relevant to the story at all.,WU5H,0,0,1,0,0,0,0,0,0,0,1,0,0,0,0,0,0
"This is so very upsetting and  disgusting.  I don't know why in the world anyone could do such a horrible thing.  Aside from if your own life is in danger, murder is never forgivable.  ","It is understandable that if the people witnessed the perpetrator murder the child, that they would be so upset to be driven to do such a thing.  I believe an eye for eye.  He should suffer the same sort of horrible death his victim suffered, or worse.",ACH0,0,0,0,0,0,1,1,1,0,0,0,0,0,1,1,0,0
"Why would anybody kill a child? Children are innocent and even the ""bad"" children just need to be led in the right direction. I think that only human garbage would kill a child and they are undeserving of life.",Why would anybody kill an innocent child? Anybody who would do such a thing deserves nothing less than death. There is no justification for killing a child.,DTRT,0,0,1,0,0,1,1,0,1,0,0,0,0,0,0,0,0
"sadness, fear, anger, outrage, horror, shock, unthinkable, grief, lonliness, rage, hurt, pain, grossed out, why, questions, uncertainty, justice, thoughts, prayer, punishment","mob scene, people taking matters in to their own hands, vigilante justice, fear, anger, sadness, due process, police, court system",BBQD,0,0,0,0,0,0,0,0,0,0,0,0,1,0,1,1,0
My reactions are of disgust! Why would any one do this type of thing to another person. something more should be done.,my reactions is that something more should be done. I dont know what exactly should be done. but this is unacceptable.,UNBA,0,0,1,0,0,0,0,0,0,0,0,0,0,1,0,0,0
I am absolutely disgusted that multiple adults could do this to a child. I really hope that they are locked away for the rest of their lives to rot.,"While I understand how someone would want to beat the perpetrator for what they did I do not agree that people should take justice into their own hands like that. The perp should be placed in jail, given a trial and then sentenced affording to the law. ",6DAL,0,0,0,0,0,1,0,0,0,0,0,0,0,1,0,0,0
It is the most horrible thing that can be done in society. It is truly horrifying and should be prosecuted Justice.,It was calculated with malice intent. The attacker knew the victim I believe and it was not an accident by any imagination.,UDCK,0,0,0,0,0,1,0,0,0,0,0,0,0,1,1,1,0
I think that children are completely innocent and deserve to be protected. This man who killed the child does not deserve to be alive in my opinion.,"I think that people are justified in their anger. When a defenseless child is hurt it can bring about emotions that are stronger than ever. Mob mentality can be bad, however, if they have the wrong person.",DUSJ,1,0,0,0,0,1,1,0,0,0,0,0,0,0,0,0,0
No child deserves to me killed. I don't care what they have done. This makes me sick and I wish they had killed the man that did this instead of injuring him.,This man is a demon and should be killed in the most torteous way you can think of. There is no excuse for taking a childs life EVER.,SDME,0,0,0,0,0,1,1,1,1,1,0,0,0,1,0,0,0
"I am assuming that the child was sexually assaulted as well, which probably was the reason for killing the kid so they wouldn't tell.  I think he should be given the death penalty.","If someone takes another person's life, all bets are off...they lost their right to be treated with civility.  Especially if that person is a child.",CGRD,0,0,0,0,0,1,1,1,0,0,0,0,0,0,0,0,0
This is such a normal thing that it literally doesn't make me feel anything. I know that this is probably not what you are looking for...but it's true. I see people dying on the news every single day...how can this be anything other than normal?,It's normal and I'm not surprised. The perpetrator should just be shot in the street and be done with it. Instead we are going to waste a ton of money for a trial.,KBW1,0,0,0,0,0,1,1,1,0,0,0,1,0,0,0,0,0
"Any time a child is murdered is a sad event, and especially so when the perpetrator is a refugee with different beliefs that the majority of the community.","My first reaction is kind of disgust at those who did it, because I don't know whether the man did it or not, I was not given any facts to let me know one way or another. ",G4D9,0,0,1,0,0,0,0,0,0,0,1,0,0,1,1,0,0
"I was completely taken a back that someone would be so cruel as to murder a helpless child. I felt a great deal of anger about the individual who murdered the child, and felt some anxiety that. I experienced some fear, but not a whole lot, as I'm a great deal of distance away from this town and the possible perp. I did experience curiosity, because my mind cannot fathom what could possibly bring about the willingness to take another human beings life, let alone a child. I felt a great deal of disgust about the murder as well.","I felt it was completely unjustified mob justice. I don't know if this individual actually committed the crime, that's for a jury of his own peers to conclude on their own, but I know that no one should base their actions on blind rage, and thats what several of the local townspeople did to that man. They should be absolutely ashamed of themselves and their actions, they could have killed the man. I don't even think they remotely considered that he could be innocent.",N62V,0,0,1,0,0,0,0,0,0,1,0,0,1,1,0,1,1
"How could anyone want to hurt a child, wether you are white,black or muslim.There is something seriously wrong with those type of people and they shoulb be put away",Totally disgusting. What is wrong with people. I fear some of it has to do with their upbringing. Either they were abused themselves or mistreated.,ECEL,0,0,1,0,0,1,0,0,0,0,1,0,0,1,0,0,0
"It makes me super angry that a refugee did the attack on the child. He needs to be put in jail and left there for a really long time to suffer. Its digusting to me and he shouldn't be let out for a long, long time. ","He probably had it coming. While i'd never want something to happen to him from the police or government, what other people do out of retribution is fine by me. ",NFSU,0,0,0,0,0,1,0,1,0,0,1,0,1,0,0,0,0
"I am shocked and I think the man who did it deserves exactly what he gets,children are inocent and should be protected it is horrendous what this man did and he should die",He deserved it. This man was scum and he should have never had the chance to walk away. that child deserved to live and he did not justice should get him and I hope he suffers,HWPL,0,0,0,0,0,1,1,1,1,0,0,0,0,0,1,1,0
"First, I wondered if the article was real. Since I live in Ohio and hadn't heard of this I figured it wasn't. So while the thought of the actions made me upset, I didn't believe them so didn't give them much credence. I have had a child attacked and molested when he was barely a year old. It was more than 44 years ago. I'm still numb from the incident and never forgave for the incident. It leaves me numb. If that article is true then numb is what I feel.","If the article was true and the person attacked, well, maybe they ought to get used to it. It will happen where he is going as prisons don't care much for child molesters. That doesn't make it right. It is just what will happen.",EJ0G,1,1,0,0,0,1,0,1,0,1,0,0,0,0,1,0,0
It's horrible of course.  Killing a child is the worst crime I can think of.  It's snuffing out a life that hasn't gotten to come close to living fully.  It's beyond disgusting.,Well I certainly had mixed emotions.  While sure there was a side of me that felt like it was what he deserved and was satisfied by what happened.  Most of me was horrfied though.  Mob justice isn't a good answer.  Two wrongs don't make a right.  What if it turns out the guy they beat wasn't the guy who killed the boy?  There's lots of problems with mob justice.,ZL6N,1,0,0,0,0,1,0,1,0,0,0,0,0,1,1,1,0
I'm saddened that a crime was committed by an immigrant because I'm afraid it'll be held up for everyone to look at as a poor example. I also don't believe in vigilante justice.,I just did this? I'm sad that it was an immigrant and a Muslim because I'm afraid it'll be held up for everyone as an example and that it'll hurt relations. I don't believe in vigilante justice.,PHLA,0,0,0,0,0,0,0,0,0,0,1,0,0,0,1,0,0
I thought that it was disgusting that someone would actually murder a child. I also thought that he deserved the worst punishment possible for the murder of the child.,I thought that it was a good thing that he was attacked since he murdered a child and deserves the worst punishment possible.,K4OS,0,0,0,0,0,1,1,1,0,0,0,0,0,1,0,0,0
It was horrible and I wondered what led to the murder.   Was the adult man mentality ill?    What happened to make him do it?  Did he know the child?,It made me angry.  I understand that those people were upset justifying so however taking the law into their own hands is wrong.  Maybe there is a tiny chance the man didn’t commit the crime and they attacked the wrong person.  Violence toward another person never solves anything,KFUS,0,0,1,0,0,0,0,0,0,0,0,0,1,1,1,0,0
"I was saddened to think that this story may be true, and weary of how the press may be reporting the details, including any biases. ","I mostly wonder if any of the perpetrators actually witnessed the murder, and if so, can more easily justify their actions.  I wonder if there is any actual proof that the accused committed the crime.  Though I understand taking the law into your own hands when a child is hurt, especially if it was your own child, I feel that we need to abide by laws of the land for prosecution and punishment.",BAE4,1,1,1,1,0,1,0,1,0,0,0,1,0,0,1,0,0
Anyone who would kill a child for any reason has to be a reprehensible human being. There is almost nothing that a child could do to deserve such a fate.,"Even though the perpetrator did something horrific, I don't feel like the people who attacked him had any right to do so. I feel like the police should have been the only ones to take care of the situation.",RI6B,0,0,0,0,0,0,0,0,0,1,0,0,0,0,1,1,0
"I thought it was very sad and scary. I always fear for my children's safety in the world, and I also fear for those who choose to act against an entire race of people when one individual commits such a crime.","This is not an okay response. There is too much crime like this in the world these days, and our country would be a better place if such things were handled peacefully.",G6SR,0,0,0,1,0,0,0,0,0,0,1,1,0,0,1,1,0
I was angry. Children are not born with hate or angry. They love and need love. Anyone that hurts a baby or child needs to be tortured and killed slowly,He makes me sick. He needs to be slowly killed in the most painful way possible. No one like this needs to be allowed to walk on the earth.,LVLY,0,0,0,0,0,1,1,1,0,0,0,0,1,1,0,0,0
I hate that this kind of thing is all too common these days. The people who would hurt children are just monsters. The laws need to be tougher on child killers.,"I wish the police would have found him first, but he deserves anything that happens to him after what he did to that child.",HHA9,1,0,0,0,0,1,0,1,1,1,0,0,0,0,0,0,0
"I am disgusted by this.  I am in unbeleif.  It is impossible for me to think of any reason a person would be so cruel to a child or another human being.  The man must have been seriously mentally ill.  I don't agree with how some of the towns people handled the guy who did this, but he deserves severe punishment.","I don't think that it was right for the people to attack him the way they did, although I do understand the anger of the attackers.  I think that things need to be done properly and the police and law system should do the appropriate punishing. I would be extremely angry at the perpetrator is he was in my community.  I am disgusted by his actions.",OC9Q,0,0,0,0,0,1,0,0,0,0,0,0,1,1,0,0,0
"I was very angry that a child lost it's life in a senseless way, this should not be any child or parent has to experience.","I don't think the locals should have beat after tracking him down but should have turned him over to the police. However, if it was the parent that tracked him down and beaten I would feel just fine about it.",K7MU,1,0,0,0,0,1,0,1,0,0,0,0,1,0,0,0,0
I feel bad for the parents. What they're going through is horrible. I'm glad the perpetrator was caught and handed over to the police.,The attack was understandable. Killing a child is a horrible crime and reaction to it was justified.,MJCG,0,0,0,0,0,1,0,1,0,0,0,0,0,1,1,0,0
"I am glad that the dude got the shit kicked out of him, too bad they didn't finish the job and save tax dollars, time, and effort of those who have to get involved now.","Again, it is too bad that the crowd didn't finish the job and hold him accountable for his actions.  Now we have to spend time and money dealing with him in the hospital and court.  ",OBPE,0,0,0,0,0,1,1,1,0,0,0,1,0,0,0,0,0
I think it's a horrible thing to happen.  To have a grown adult murder an innocent child is absolutely disgusting.  He is a monster!,"I hate to say it, but he deserved it.  I know that's not the way of our land, but sometimes people are frustrated with our justice system (or lack of it) that they may want to carry out mob justice.  I know it's not right.......",3MUO,1,0,0,0,0,1,0,1,1,1,0,1,0,1,1,0,0
"I find it very disturbing that a person has hatred like that to murder a helpless victim, like a child. With the rise of social media and the internet, it has become more commonplace to hear about such despicable acts of violence like this.","The alleged perpetrator was lucky to be spared his life. I don't know if I could contain my rage on a piece of trash like that. I hope he is given the death penalty or if he escapes with a life sentence, I hope the other inmates of the prison finish what the community started and kill him.",KMZF,0,0,0,0,0,1,1,1,1,0,0,0,1,1,0,1,0
I have children myself and I cannot imagine anyone harming a child. For a person to do so he or she must be an extremely evil human being.,"I would feel just as the individual who attacked the perpetuator.  While I believe he should be given a fair and speedy trial, I doubt I could hold back from beating the perpetuator myself.",GYUZ,1,0,0,0,0,1,0,1,0,1,0,0,0,0,0,0,0
It is disgusting. I am horrified whenever I hear this type of news. There is no reason to end a life so soon.,"I feel the attacker deserved it and if it was my child, I am sure I would want this to happen in one way.",YJWC,0,0,0,0,0,1,0,1,0,0,0,0,0,1,1,1,0
I thought that i'd be pissed if someone murdered my child. I would not be able to forgive them. I also felt sympathy toward the parents of the child.,I thought that is a weird response. I understand people's frustration but such retributive actions are not appropriate. Just lock the person up and be done wth it.,XKU3,0,0,0,0,0,1,0,0,0,0,0,0,1,0,0,0,0
"He deserved to get beaten in the street like an animal (I clicked ""like"" by the way, I hope it registered). I have not one iota of sympathy for scum like that, whether they are refugees, of whichever religion.","People were disgusted so the tribal, primal instinct took over and they decided to mete out justice.  When it comes to children, a whole different set of emotions take over",0DKA,0,0,0,0,1,1,0,1,1,0,1,0,0,1,0,0,0
I think that this is a traumatic event. My condolence's go out to the child's family. I also would like the refugee to be imprisoned for life.,I think that the alleged perpetrator is heartless. Killing people is an unforgivable act of malicious intent. People who commit these acts deserved to be imprisoned for life.,UJ5F,0,0,0,0,0,1,0,0,0,1,1,0,0,0,0,1,0
It is terrible that this child was taken from life so early. Whoever is responsible needs to be found and given the death penalty. There is never an excuse to cut a child's life short like this person did. They need to pay for taking someone so young off of this earth.,"He was only alleged, there was not a sure way to know that this man did it. Therefore it was wrong of the people to attack him and injure him as they did.",PIOH,0,0,0,0,0,1,1,0,0,0,0,0,0,0,1,0,0
"its a very tragic even to happen to anyone, i fell bad that the men who assaulted the man who allegedly killed the child had to go to jail but i wonder if those men had any hard evidence that the man they killed was actually the one who did it? i would have left it up to the police to do the work that we pay them to do and none of them would have been put into jail and now sentenced with murder. ","i really feel like the men who attacked the alleged perpetrator should have let the police do their job and investigate the gentleman who they thought did this hanious crime. i agree that the man should probably die but now the men who attacked him are facing criminal charges nad time in jail themselves, leaving their remaining familys outside in the real world!",AGMV,1,0,1,0,0,1,1,1,0,0,0,1,0,0,1,0,0
"It's very sad and horrible.  Unfortunately there's all too much of this sort of horror happening all over America. The vigilante street justice part of the story was unexpected.  Not sure how I feel about that, unless those beating the alleged murderer actually saw him kill the child and knew for a 100% he was the killer?","The risk is that the alleged attacker was totally innocent!  I somewhat agree with the principle behind old West style ""vigilante justice"", but the risk is an innocent person is falsely accused and beaten or worse.  We have a modern justice system for a reason, and every American citizen has a Constitutional right to a speedy trial.  If the alleged attacker wasn't a citizen, then that's a gray area outside my knowledge, of what rights he may or may not have in a criminal accusation.",9WHA,1,0,0,0,0,1,0,1,0,1,0,1,0,1,1,1,0
"The first thing that came to my mind was how this person could indiscriminately kill a child.  I think it's obvious that it's a mental problem and doesn't have anything thing to do with his religion or refugee status but how could this person not be identified as being dangerous after a year.  As a refugee, I'm sure that he must have been monitored.",I completely understand the reactions of the witnesses.  Witnessing such an attack had to be a shock and the anger displayed may not be justifiable but it's comprehensible.,JDYY,0,0,0,0,1,0,0,0,0,0,1,0,0,0,0,0,0
Heartbreaking that someone is evil enough to harm and kill a child.  They deserve the most severe punishment or even the death penalty for their crime.  It is truly sick,Although he one hundred percent deserved to be attacked it is not up to us to decide his punishment.  That should be left up to a judge and we need to trust the legal system.,VBOP,1,0,0,0,0,1,1,1,0,1,0,1,0,1,1,0,0
"It is always sad when a child's life is taken so needlessly.  It also brings about fear and anxiety, because if it can happen in another small town, it could happen where I live.","It is so very wrong when people try to take justice into their own hands.  It can lead to great break downs in society, and lead to chaos.  I felt a little bad for the alleged perpetrator, but that is what can sometimes happen when emotions are ruling over people's logic.",MZNL,0,0,0,0,0,0,0,0,0,0,0,0,0,0,1,1,1
I think the man that killed the kid needs to be locked up and given some kind of helpe becuase he has issues,it drove me crazy and i wanted to know why he did this,RDSQ,0,0,1,0,0,1,0,0,0,0,0,0,0,0,0,0,0
It is absolutely a tragedy.  I can not believe that people who have the nerve to do this to a young child.  We live in a very sad and terrifying world these days.,"I think that it is completely justified and hopefully this will discourage others from doing the same thing in the future.  I am certain that others, as well as me, would act the same way.",KWQO,0,0,0,0,0,1,0,1,0,0,0,1,0,0,1,1,0
"the death of a child is always a tragedy, but this report takes place before much of the story is substantiated. we don't get any news of the suspects side of the story, or when to expect further details. This type of reporting is used to generate media buzz, and it infuriates me.","My childhood roots take me back to a small rural town in the midwest. I grew up around numerous accounts of ""personal justice"". It sickens me when i hear stories where people react to a situation prior to fully assessing that situation. I was displeased by what i read.",AIXH,0,0,0,0,0,0,0,0,0,0,0,1,1,1,1,0,0
The killing of a child is the worst thing anyone can do in this world. This act is despicable and the person responsible should be put to death if convicted.,The killing of a child is the worst crime that a person can commit. The person who committed this crime should face the death penalty if convicted. The person who did this is despicable.,AKON,0,0,0,0,0,1,1,0,0,1,0,0,0,1,0,0,0
I am furious and sad at the same time. How long are we going to let Muslim's commit crimes in our country. A poor innocent child had to suffer.,my reactions are mostly anger. It is ridiculous how this can continue on and nothing is done about it. This person should receive the death penalty.,DOXL,0,0,0,0,0,1,1,0,0,0,1,1,1,0,1,0,0
I can’t understand why this type of crime continues to happen. It’s the very worst part of humanity tat drives people to commit these terrible acts.,"I can understand why there were people who wanted to attack him. Especially when a child is involved, there are people who can’t control their behavior over these heinous crimes. ",FOXV,0,0,0,0,0,0,0,0,0,0,0,0,0,0,1,0,0
I think the man is very disturbed and a piece of crap. He should have the whole book of the law thrown at him too. He is very sick and needs to be put away,he got what he deserves. the people in the town took  it into their own hands to deal justice but i think in the long term it is a lot better to let him be sentenced and put away,8EAX,1,0,0,0,0,1,0,1,1,0,0,0,0,0,0,0,0
It makes me wonder what would possess someone to do something so horrible and how society seems to be degenerating more and more each day.What monsters live among us?,I do not agree with attacking people because they allegedly committed a crime and think that the criminal justice system should be trusted to inflict the appropriate punishment for a crime.,EFNY,0,0,1,0,0,0,0,0,1,1,0,0,0,1,1,0,0
"I feel sad, curious, anger, anxiety, and speechless about the incident.  The death of a child is a tragedy, especially in a homicide case.  Our society should enact laws that protect our children from such hideous crime  in the future.",The alleged perpetrator should be punished for the crime that he committed.  I do not feel any sympathy for this type of evil act toward an innocent children,TRCE,0,0,1,0,0,1,0,0,0,1,0,1,1,0,1,0,1
"It makes me upset to think that someone could murder an innocent child. It brings so many questions to mind, but most importantly WHY? What could drive a person to kill an innocent child?",I think the perpetrator got what he deserved. I don't think that any of the people involved with attacking him should be in any kind of trouble.,UBVH,0,0,1,0,0,1,0,1,0,0,0,0,0,0,1,0,0
"My first reaction is sadness regarding the incident. The article doesn't say what motivated what was described as a ""middle-aged muslim refugee"" to commit the homicide, but I think I can rightly suspect the perpetrator is angry, frustrated, depressed, and quite possibly mentally ill in order to have flipped out to such an extent. I have to admit that I perceive muslims as being idealistic in their attitudes about acceptable behavior, and I can easily envision a scenario where a (presumably American) child may've mouthed-off to the ""middle-aged muslim refugee"" who then reacted with a physical slap that then got out of control. I can just as easily envision the reaction of the residents crowding in on the perpetrator as being very likely. I'm sure we all agree that one of the foremost challenges concerning immigrants is that, when a person immigrates into America, they bring their culture with them. And, if such immigrants are beset with codes of conduct that are far more idealistic and reserved than the average Western allowance, there's going to be tension. ","I think the attack of the alleged perpetrator is one of those instances that come under the heading of ""I don't condone it but I understand it."" ",3P5X,0,0,0,1,0,0,0,0,0,0,1,0,0,0,1,0,0
"This is a horrible situation, and while I don't condone the sort of violence the crowd carried out, I can understand the extreme emotions behind it. That eye-for-an-eye mentality is a natural urge in the face of such a tragedy, but I wonder what proof there is that this man is the one who killed the child.","This isn't how our justice system works. We don't try and sentence and punish by mob mentality. As soon as I read that the alleged perpetrator was a Muslim immigrant (refugee, if I remember correctly?) I wondered if the crowd even had any logical reason to believe he's the perpetrator, or if they were acting based on their own racist garbage. The article didn't give enough info for me to know if this guy likely had anything to do with the homicide.",SRQB,0,0,1,1,0,0,0,0,0,0,1,1,0,1,1,0,0
"Taking justice into our own hands can be dangerous. In revisiting the facts of this case if the alleged perpetrator was in fact validated by people that actually saw him then I feel that this was a totally justified incident.

I feel for the family of the child a lot. It is not right for anyone to take the life of any person. ",If a person had witnessed the homicide act then I feel that the perpetrator deserved the beating that he received. If the act was validated beyond a reasonable doubt by people that were there then street justice is really an appropriate use of force against this person. If this was true then I felt good about reading the article that at least the perpetrator got what he deserved.,676G,1,0,0,0,0,1,0,1,0,0,0,1,0,0,0,0,0
i felt sad for the families because it is heartbreaking to lose a child so young. i also have some disgust for the murderer. how could you kill a child like that and be okay with yourself?,"I had felt  disgust, sadness and anger. disgust at how someone could kill innocent children, sadness for the families and anger because they need justice",EDK1,0,0,1,0,0,0,0,0,0,1,0,0,1,1,1,0,0
"I think anyone that kills a child, there is nothing to bad that can be done to them and i'm glad the people assaulted him. They should've killed him.",I think they should've attacked him and they should've killed him. I'm sure i would've if it were my child.,YF8R,0,0,0,0,0,1,1,1,0,0,0,0,0,0,0,0,0
It's terrible if this was my child I would be really upset. We just have to be careful rushing to judgement taking the law in to our hands is dangerous. What if it turns out it wasn't the accused,If they really did it they I can understand the anger. But it can never be right to take the law into our own hands. Why have a justice system at all. It may not always be right. it's all we have,R6OL,0,0,0,0,0,0,0,0,0,0,0,1,0,0,1,0,0
"I mostly thought, if this really happened, I wouldn't be surprised in the slightest, which makes me sad.","I felt that it was a somewhat justifiable thing to do, IF he did it, but without evidence? To beat someone? What if he didn't do it, ya know? Don't make rash decisions like that were my thoughts. ",N00E,1,1,1,0,0,1,0,1,0,0,0,0,0,0,1,0,0
"I think that it is terrible that anyone would slay a child. I'm not surprised that a Muslim man did this, since their religion is so full of violence.","I believe the perpetrator deserved to be attacked after what he had done. If I was there, I probably wouldn't have attacked him, but would have called higher authorities to come and help.",XUYE,1,0,0,0,0,1,0,1,0,1,1,0,0,0,1,0,0
"First of the man was the alleged killer of the child, in other words they were not sure if he did it or not. I think there was a better way of handling this instead of beating a man. It seems like this could be used as a hate crime for what the people of the town did. ","I think this could be a hate crime, they did not know that this man did it or not.  There should have a been a trail and DNA evidence. ",44ON,0,0,0,1,0,0,0,0,0,0,0,0,0,0,0,0,0
"I feel a mixture of sadness, anger, and disgust.  Children are vulnerable and innocent, and to think of a child dying in such a brutal way is heartbreaking.  I of course would want justice and closure for the victim's family.","I feel conflicted in response to the attack of the alleged perpetrator.  I can understand the rage and desire for justice that motivated the actions of the attackers, but I do not think that vigilante justice and brutality is the answer.  It is possible that the alleged perpetrator was innocent, and he has a right to a fair trial.  Additionally, I worry that he was targeted because of his status as a Muslim refugee, which is absolutely unjust.",PPMK,0,0,0,1,0,0,0,0,0,0,1,0,1,1,1,0,0
"It is a tragic situation. More details would have helped me frame it. It is always unimaginable what drives a person to such mindless results, I assume some kind of tragic upbringing or mental condition. Neither is comforting.","The difficulty I see in the attack is that at least in the article, no evidence was reported, he was listed as the alleged attacker. If he was seen attacking the child, I'd more support a spontaneous attack on the perpetrator. But not being sure if he was the attacker, I'd think turning him over to authorities would be the best. Be the best in any case, but I'd understand how a spontaneous attack might occur if the slaying was seen as it occurred.",U1E4,1,0,1,0,0,1,0,1,0,0,0,0,0,0,1,0,0
"The homicide of the child described in the article was sad it should not happn in this country spcially by som immigrant, follow th laws or pay th pric",My reactions to the attack of the alleged perpetrator described in the article was satisfying in that som justic was dishd out and th criminal punishd with mor than simply bing takn car of in prison for th rst of his lif.,DDVZ,0,0,0,0,0,1,0,1,0,1,1,1,0,0,1,0,0
What could have drove that man to kill an innocent child? What did they ever do to him?,What ever could a small child have done  to have their life taken away by a disgusting grown man?,DSPJ,0,0,1,0,0,0,0,0,0,1,0,0,0,1,0,0,0
I felt very bad that the child had to suffer and his/her innocent young life has been taken away by a monster.,Justice came a little early but it is not over for him. He reaped what he sow and committed a crime so expect backlash and repercussion. I don't care he were beaten.,HSN1,0,0,0,0,0,1,0,1,1,1,0,0,0,0,1,0,0
"It is sad that a child was killed.  It didn't say what happened, but I hope the child didn't suffer.  I also hope that if that person that was attacked did kill the child, that he goes to jail for it.","I don't think they should have attacked him, and the people who beat him should also be arrested.  They don't even know for sure that he killed the child yet, they should have just called the police and let them deal with him.",QYUO,0,0,0,0,0,1,0,0,0,0,0,0,0,0,1,0,0
I feel very disgusted and sad about the tragedy but i think the police should handle the matter of justice and the Muslim person should be charged accordingly.,I felt very anxious thinking about the family of the kid. I do not think the people just injured the person to killed the kid but instead they should have brought him to justice.,LRHY,0,0,0,0,0,0,0,0,0,0,1,0,0,1,1,0,1
It is awful that things like this happen in the world.  This article hits close to home for me as my oldest son was senselessly murdered 2 years ago.,It made me think a lot about what I would have done had I been there when my own son was killed.  Reasonably speaking I think it is completely wrong to beat this man up but in the spur of the moment I think it is understandable.,ZQ6T,0,0,0,0,0,0,0,0,0,0,0,0,0,0,1,0,0
It is terrible that someone would kill a child.  Children are the most vulnerable members of our society and should be protected.,People can't take the law into their own hands - that's why we have the courts.  We are a country of laws and should follow them.  He was attacked and those attackers should be prosecuted - just like he will be.,G8DD,0,0,0,0,0,0,0,0,0,0,0,1,0,0,1,0,0
It is a very sorrowful article. My concern is that they assaulted an innocent man. It does not say how they determined guilt of the suspect,"My reaction is that i would be worried that they attacked an innocent man. If he was guilty, I could understand the mobs reaction.",A7UK,0,0,0,0,0,0,0,0,0,0,0,0,0,0,1,0,0
"It's an extremely sad situation and though the reaction of the crowd was very wrong, it's not surprising. I don't know that the offender's status as a Muslim refugee changed anything, but it will certainly inflame things moving forward.","It's not surprising that local residents who likely knew the victim would have this reaction. Given the victim, people likely did things they would never have normally done.",RONX,0,0,0,1,0,0,0,0,0,0,1,0,0,0,1,0,0
"Anytime a child is murdered I am sad.  In this instance, with a refugee being responsible it is even worse.  Not only is it horrible but it will also cause more divide in our nation in regards to refugees and accepting them.",It is just ignorant for people to behave this way.  It is not the general publics job to hunt down and punish suspected murderers.  We have a system in place for that and the police should have been called to arrest and give this person a trial.,BWT1,0,0,0,0,0,0,0,0,0,1,1,1,0,1,1,0,0
"I believe that people should have left justice in the hands of God and the justice system and not reacted this way.  I also understand the deep anger and frustration demonstrated by these individuals.  These types of crimes can be committed by individuals from different races and backrounds, and we should be careful when generalizing.  I believe that we need to do more to vet illegals and refugees.","I was outraged at the actions of this individual, disgusted, I want justice to be served more than anything, but I do not believe that these individuals should have attacked the man without a trial.  I believe we should withold judgement and not increase racial or religious tenstions based on this individuals religious affiliation.  I think that many different people are capable of heinous crimes.",R4HT,0,0,0,0,1,0,0,0,0,0,1,1,1,1,0,0,0
"If the alleged attacker is proven to have recklessly or intentionally killed the child, then he should be punished to the fullest extent allowable, including the death penalty. People who prey on children are scum.","If it is true that the alleged attacker is guilty of the crime he committed, then there is a great satisfaction in him being beat up. Sometimes people are people and society will exact justice for the victim. Too often, scummy defense attorneys and the ACLU will go to death to protect criminals and completely ignore the victims and their families.",SVNS,0,0,0,0,0,1,1,1,1,1,0,0,0,0,0,0,0
"It's very sad to hear about the death of a child. Having children of my own, I couldn't imagine the pain I'd be in if something like this happened to me.",I understand why people were attaching the alleged perpetrator. I would be angry and upset and I would want to get revenge on the person who murdered a child. I feel like he got what was coming to him for what he did.,9KXH,0,0,0,0,0,1,0,1,0,0,0,0,0,0,1,0,0
"It is sad that a child was murdered, I can't think of many reasons to kill someone, let alone a child. Very disturbing. It is hard to really feel for these stories because I am so far removed from the situation. I do think it's terrible, it did not happen to me, It's hard for me to become very worked up about it.","We don't even know for sure if the person that was attacked even committed the murder. I don't understand why we are becoming so quick to judge events in this country. We have a justice system passing judgement and punishment. It was wrong to attack the person, even if he did murder the child.",4CPQ,0,0,0,0,0,0,0,0,0,0,0,1,0,1,1,0,0
I think it is terrible that this child was murdered by someone for no reason.  The man probably shouldn't have been in the U.S. at all.  I hope they take his life.,I think the perpetrator got what he deserved.  It is a shame that they didn't kill him the same way he killed the child.  The attackers shouldn't be punished for attacking the perpetrator.,SRKN,0,0,0,0,0,1,1,1,0,0,0,0,0,0,1,0,0
My reactions are anger and sadness. I also feel helpless and frustrated because I read news articles almost daily about a child being murdered. I wish something could be done to stop abuse and murder of children.,I may not agree with the violent behavior towards him but I understand the emotion that caused it. I do not think the people who attacked the perpetrator should be punished. He should have been in jail.,V1GX,0,0,0,0,0,1,0,0,0,0,0,0,1,0,1,0,0
What evidence is there that gives the identity of the perpetrator?  Why was a Muslim man chosen.  Check to see if the persons involved in the beating actually killed the child.,The man was picked because he was a member of a minority group. Nothing was given that the man actually harmed the child.,AQGD,0,0,1,1,0,0,0,0,0,0,1,0,0,0,0,0,0
"It is never right to kill any human being, especially an innocent child. The person who did this action should be killed as well. An eye for an eye.",The perpetrator killed a child. There is no justification for it and it is one of the most morally wrong things to do. It is disgusting.,FVMN,0,0,0,0,0,1,1,0,0,0,0,0,0,1,0,0,0
That was a terrible thing to happen. I can't imagine what the parents are going through. I don't know what I would do if this happened to one of my children or grandchildren.,Even though what the alleged perpetrator did was extremely wrong it was also wrong to attack the perpetrator. He should have been taken to the police.,OZRC,0,0,0,0,0,0,0,0,0,0,0,0,0,0,1,0,0
"It seems like a crime that a very ruthless and weak individual would commit.  Children are significantly weaker and innocent, making them much easier and vulnerable targets.  Only the most despicable of humans would attack children.","It's nearly as horrible as the crime the alleged murderer committed.  Several centuries ago, this was the type of law that was enforced and we can clearly see through the study of history that it negatively affects society and individuals.  Any type of justice without due process is not justice, but a derogatory crime against human rights.",YFCH,0,0,0,0,0,0,0,0,0,1,0,1,0,1,1,0,0
I was more concerned about the death of the child than the assault of the perpetrator. The article did not make it clear if the suspect was actually guilty of killing the child. It was only speculation.,"I can understand wanting to hurt the man if he had hurt my child. However, the vigilantes should be held accountable for their actions as well. The perpetrator will have his day in court.",G46W,1,0,0,0,0,1,0,1,0,0,0,0,0,0,0,0,0
"It was a slight thought of ""that's fucked up"" but it didn't go into too much detail so it kind of ends there.  I just feel slightly sad for the child. ",I barely have one because I don't think I could personally PRAISE violence however I definitely think they should deserve being attacked at the same time.,ZXMN,1,0,0,0,0,1,0,1,0,0,0,0,0,0,1,0,0
A murder of any child is absolutely disgusting horrific. I hope the fellow prisoners take out full retribution on the coward who committed the crime.,I hope the three people accused of attacking the perpetrator are set free and all criminal charges are dropped. The perpetrator should have been left for dead in the street.,CRQF,0,0,0,0,0,1,1,1,0,0,0,0,0,1,1,1,0
It's very sad anytime someone is murdered. It's more sad when it's a child and race doesn't matter. I would feel anger over any race that did that.,I don't blame people for attacking him. He deserved any pain he got from people. A lot of people would want to harm him for hurting a child.,C4HG,0,0,0,0,1,1,0,1,0,0,1,0,1,0,1,0,0
I think of how sad it is for someone to have their life cut short at a young age. I wonder what exactly could have been going through this person's mind to do this.,"I think it's absolutely disgusting to attack the person, without knowing whether or not he actually did it in the first place. It's an allegation! It's like how they would call rape back in the day and lynch Black people. They just did it because the accused was a Muslim refugee.",CKLQ,0,0,0,1,0,0,0,0,0,0,1,0,0,1,1,0,0
It's absolutely disgusting. Anyone who does something like this forfeits their right to be alive in my opinion. Or at the very least life in prison without the possibility of parole.,"The attack was deserved in my opinion. I know the perp is just the alleged perp at this point, but I feel like he was the guy and he deserves anything bad that comes his way.",GQJR,1,0,0,0,0,1,1,1,0,0,0,0,0,1,0,0,0
THIS IS THE LOWEST THING/CRIME ANYONE CAN DO. MURDERING A CHILD SHOWS THEY HAVE NO RESPECT FOR HUMAN LIFE AND THAT PEOPLE ARE LIKE ANIMALS.,"PEOPLE TAKING UPON THEMSELVES TO HAND OUT JUDGEMENT, EVEN IN THR WORST CIRCUMSTANCES, IS WRONG. WE NEED TO LEAVE IT TO OUR LAW ENFORCEMENT TO TAKE CONTROL. BUT IN THE SAME THOUGHT I WOULD HAVE HURT THE PERSON IF IT WAS MY CHILD. ",REA6,1,0,0,0,0,1,0,1,1,0,0,1,0,0,0,0,0
"I imagine a scenario involving sexual assault gone wrong and the assailant trying to silence the child. Murderers are stupid, that's why they get themselves into very bad situations and then make it much worse by killing someone in order to extricate themselves. That this is the sort of non-thinking thinking that goes on in some of these people is truly appalling and even worse that a child can be sacrificed.There are people out there like that and you walk by them in the street every day.  ","It's wrong, but one understands the emotion in the circumstances. Of course, we are not provided with any details about whatever made the crowd single this guy out. How they thought they knew he killed the child. Could they have been wrong? ",JB4Z,0,0,1,0,0,0,0,0,0,1,0,1,0,1,0,0,0
"I was very angry and saddened by the murder of a child, as any reasonable person would be.  I was also feeling retributive against the perpetrator, but had some concerns the mob had picked up the wrong guy.  ","I thought it was understandable and justified.  However, I was worried the crowd had found the wrong man and beaten the wrong guy up.  That would not have been justified, obviously.  That's why mob rule should not be allowed (despite how much it might appear a good thing in a given circumstance).",4KET,1,0,0,0,0,1,0,1,0,0,0,0,1,0,1,0,0
I am appaled and distrubed.  It is so sad sad hearing about the evil in the world.  That child had so much ahead in their life.  It is devastating to the core,I feel disgusted and angry.  That person is pure evil/  They should be punished.  It should have never happened ever in this world,EN9I,0,0,0,0,0,1,0,0,0,1,0,0,1,1,1,0,0
It is terrible that a child was killed. I can understand how a small town would be devastated by such a loss from the community.,The attack of the alleged perpetrator is mob mentality and wrong. It's understandable that emotions are high in a small community but a person should be presumed innocent until proven guilty in a court of law. It is quite possible that this is an act of racism in the community.,621W,0,0,0,1,0,0,0,0,0,0,1,0,0,0,1,0,0
"I felt such sadness and anger over the loss of a child’s life. They are innocent and vulnerable, anyone that would hurt them is a monster","I understand why the people reacted that way, but I wish they hadn’t. I think they are in the wrong. You can not decide to take matters into your own hand and beat someone up.",VLSW,0,0,0,0,0,0,0,0,1,1,0,0,1,0,1,0,0
"Sickening that someone would do that. What kind of horrible, reprehensible creep would kill a child? That is awful, I hope the suspect goes to death row.",What a sickening act. I hope that person is tried and found guilty so that the justice system can string his sorry ass out to try on death row.,SY6Y,0,0,1,0,0,1,1,0,0,1,0,0,0,1,1,0,0
"Its upsetting when anyone is murdered. However, the fact that this was a child makes it worse. Such a short life, taken for no reason. Its upsetting and angering. I wish things like this just didn't happen. ","I don't think it is right to use violence with violence however, in this case I felt it was sort of justified because I am sure the residents who attacked this man were extremely angry at what had been done. ",99F8,1,0,0,0,0,1,0,1,0,0,0,0,1,0,1,0,0
It is sad and confusing.  Sometimes homeless elderly people can be mentally confused.  When people are in certain conditions their reasoning is different that others in society.,"Disgusting yet in the heat of the moment, it is justifiable.  In the passion of a crime things escalate on both sides and things happen.  This is what happened.  Is it correct?  Was the crime correct?  NO",Y14Z,1,0,0,0,0,1,0,1,0,0,0,0,0,1,1,0,0
"Obviously, murder is bad. It's especially sad when it's a child because it's a life cut so short. So, it made me feel pretty angry and upset.","I felt conflicted. On the one hand, I totally understand wanting to beat up the person who supposedly murdered a child, because that's pretty much the worst thing someone can do. On the other hand, I also felt a bit bad because until he's been convicted, we don't know for sure he did it. They could have been potentially beating up an innocent man.",BZRB,0,0,0,0,0,0,0,0,0,0,0,1,1,0,1,0,0
It's horrible and i wonder why he would do that. Was it his own child? The article wasn't clear. How old was the child? Was it part of his culture like an honor killing? He should be given the death sentence.,"I wonder whether they saw him do it or if they just assumed he was guilty. If they saw him, it was completely justified and i would have a hard time condemning those who attacked him.",ZN76,0,0,1,0,0,1,0,1,0,0,1,0,0,1,1,0,0
This is extremely troubling. My thoughts and prayers go out to the family. I can not think of anything worse to go through.,"Mob justice is not justice at all. Everyone deserves a fair trial. Our legal system is not perfect, but it is far better than vigilantism. I understand where they were coming from, but it's not right.",Z38D,0,0,0,0,0,0,0,0,0,0,0,1,0,0,1,0,1
"It is in some part a feeling of revulsion and sadness.  The death of a child is tragic by itself, the murder of a human being is atrocious, and the murder of a child is a combination of the two as it is such a vile act.  At the same time, there is a feeling of weariness in me.  Too many children seem to die nowadays, it seems to be the new normal.  Or perhaps it is the old one and I have finally opened my eyes to it.","At first I was a little happy to read about the attack on the alleged perpetrator.  But then as I thought about it more I realized that it was the ""alleged"" perpetrator.  The article failed to mention any solid evidence linking the man to the crime.  While one hopes that the police have not bungled the investigation and singled out an innocent man, it is possible.  There is a non-zero possibility that the locals may have beaten an innocent man without reason in their understandable desire to dish out some mob justice upon a murderer.  We should not rush to judgement, but let the investigation and evidence lead us to the likely truth.",FLUN,0,0,0,0,0,0,0,0,0,1,0,1,0,1,1,0,0
"It's disgusting that anyone would kill a child for any reason. I was angered that an adult killed an innocent child. I was happy to hear that ""street justice"" was dealt to the suspect before he was apprehended. I only wish they had beaten him to death.",I was extremely happy to hear that the perp was brutally attacked. I only wish they had carried it further and beaten him to death.,BE4M,0,0,0,0,0,1,1,1,0,0,0,0,1,1,0,0,0
"My initial reaction is fear and anger because I have kids of my own.  I think of what I would do and what actions I would take to protect my child and have revenge for my child.  While most aren't the revenge seeking type, especially physically, the loss of or injury of a child can bring out the worst in a parent.","I somewhat think he deserved what he got.  You cannot attack a child, harm a child, injure a child and expect to not be punished in some way.  ",SQJQ,0,0,0,0,0,1,0,1,0,0,0,0,1,0,0,1,0
Angry and mad.  So sad an innocent child died.  It's more sad then when an adult dies because they had so much life to live.,"Confused and bewildered how an adult would want to kill a child.  I also questioned if he did it or not, or was it a cover up.  ",4UJB,0,0,1,0,0,0,0,0,0,0,0,0,1,0,1,0,0
I wonder if the perpetrator may have had a mental illness.  What could have made him kill a child the way he did.,He is an alleged perpetrator. It isn't a sure thing that he is a culprit. What if he's innocent. I sympathize with all parties involved.,BMSU,0,0,1,0,0,0,0,0,0,0,0,0,0,0,0,0,0
I wonder what happened to the kid and why the kid was kill.  I wonder is the person who kill the child have a history of such offense.,"I think if those people without confirmation and carry out the punishment themselves without the involvement of the court is not appropriate however if they are related to the child, I could see why they will want to beat up the perpetrator.  It is lawfully not acceptable but through human moral, it's understandable.",U4Y2,0,0,1,0,0,0,0,0,0,0,0,0,0,0,0,0,0
It made me feel sad that this happened and that this happens way too much these days. I wish that children could just live innocent lives without the worry of evil monsters.,I felt like he deserves to be punished for what he did. I do not think that the people in the town are the ones to do it but he definitly deserves to be caught and to not get away with the horrible thing he did.,DOP0,0,0,0,0,0,1,0,0,1,1,0,0,0,1,1,0,0
Its sad when an innocent child dies.  I hope that the child did not suffer a lot.  At least they caught the aggressor.,"I thought it was sad that the community was going vigilante. People always say that we are a nation of laws, but that doesn't apply for people of color it seems. ",YFLM,0,0,0,1,0,0,0,0,0,0,1,1,0,0,1,0,0
I was very angry. I didn't understand what would make a stupid maniac kill a little child. I thought of my own children and what I would have done if something like this happened to mine. I was furious and thought about killing that person myself.,I was happy that they attacked him. He deserves to be killed. He is evil and needs to be punished to the extent of the law.,JYHS,0,0,0,0,0,1,1,1,0,1,0,0,1,0,0,0,0
Why anyone would kill a child is beyond me.  Retribution from the local neighbors was a good thing.  It's too bad he survived.,I fully support the attack that occurred to the poor child.  Anyone who purposely kills a child should be prepared for retribution.,GOYV,0,0,0,0,0,1,1,1,0,0,0,0,0,0,0,0,0
"Of course it is horrible that a child was killed, but we have a court system for a reason. We can't just go around killing people without the full story. Now, If one of the dudes that beat him actually caught him in the act, then that's a different story.",What if the guy didn't do it? What if the dudes that beat him got some wrong information about the guy from someone that had it out for him.,N9SV,1,0,0,0,0,1,0,1,0,0,0,1,0,1,1,0,0
"I'm guessing it's a fabricated news event for the purposes of this study, so I can't really form an organic reaction. However, my main concern in the article is about why the alleged perpetrator was being beaten - how did the other people know this was the killer?","Again, I can't form a natural reaction knowing that this was most likely made up for the survey, but the pressing question is why and how the people knew this was the perpetrator. Were they witnesses? Are they covering up for someone else, and this is part of a frame job? Is one of the people doing the beating also the real perp? I have no moral qualms about a murderer being beaten in the street, but how do I know that it's actually the culprit?",CQ1A,0,1,1,0,0,1,0,1,0,1,0,0,0,0,0,0,0
I was sad that it happened. Children should be safe while walking around on the street. Playing outside is part of childhood and shouldn't be a danger,"It doesn't particularly surprise me that he got attacked. People get very defensive and take matters into their own hands, especially when it involves crimes against children",AGYV,0,0,0,0,0,0,0,0,0,0,0,0,0,0,1,0,0
"I am very disgusted by the man who committed the homicide, regardless of his race or religion. I could not imagine in scenario in which I would want to cause any harm to a child, let alone kill them.","I am very disgusted by the perpetrators actions. However, I thought the community's response of beating him was just as bad.",NFYS,0,0,0,0,1,0,0,0,0,0,1,0,0,1,0,0,0
"I think at this point I am almost desensitized to this kind of act, which honestly makes me sad, but it’s true.","There’s no point in attacking the man, although I’m not upset that they did that to the perpetrator, he did deserve it, but the man is going to go spot jail for life anyway.",BPJ1,1,0,0,0,0,1,0,1,0,0,0,0,0,0,1,0,0
VERY SAD TO READ ESPECIALLY ABOUT A CHILD BUT GLAD TO KNOW OTHERS JOINED,NOT HAPPY ABOUT THE CHILD BUT HAPPY ABOUT THE OTHER ADULTS,QPSZ,0,0,0,0,0,1,0,1,0,0,0,0,0,0,1,0,0
"It was hard to feel much of anything because the article didn't provide much information. The death of a child is always tragic and even more so when it was caused by murder but the article didn't give any information other than the bare bone facts, child brutally murdered, suspect was caught in the streets and beaten, the people who beat the suspect are now in custody. I don't think the article said that the supposed suspect was in custody only that he was beaten and a Muslim.","I believe in innocent before proven guilty in a court of law and disagree completely with vigilantism. Was this man attacked simply because he was Muslim? What facts prove that he committed the crime? If he brutally murdered the child why was he free and walking the street as mentioned in the article? So many questions that aren't answered in the article. Street justice is wrong and the perpetrators who attacked the man, whether he is innocent or guilty, should be punished to the full extent of the law.  ",NFVW,0,0,1,1,0,0,0,0,0,0,1,0,0,0,1,0,0
"The thought that anyone would harm, and especially kill, an innocent child is absolutely revolting. No matter how mad or upset you are I cannot even fathom the mindset of someone going to those lengths. ",While I think the perpetrators actions to be completely unforgivable I do not support this form of street justice. If we as a society stoop to this level we're not a civilized state.,5MEQ,0,0,0,0,0,0,0,0,0,0,0,1,0,1,0,0,0
"My reaction is mostly sad, I hate that it had to go down that way. It all around sucks. ","It doesn't look good that he's muslin and a refugee, that would turn a lot of people off of refuges in the future. ",PPCG,0,0,0,0,0,0,0,0,0,0,1,0,0,0,1,0,0
"The loss of innocent life, of a life never to be lived is horrifying. ",I am concerned that people took the law into their own hands. I am concerned that the right person is being convicted for the murder.,QX8K,0,0,0,0,0,0,0,0,0,0,0,0,0,0,0,1,0
"A child is an innocent, so to read that one was murdered is heartbreaking. I have my own child, and I couldn't imagine what would happen to our family if something were to happen to her. ","It stated the attacker was alleged and that he was a muslim refugee. My reaction was to be worried that the man was used as a scapegoat due to his background, and that he may not have been the perpetrator. ",EELO,0,0,0,1,0,0,0,0,0,0,1,1,0,0,1,0,0
Seems like a bad story and I wonder if it is made up for the research or if it is a real story.,My reactions to the article is still the same as I typed just a moment ago. I said that it was very sad and I wondered if the story was real.,YT7C,0,1,1,0,0,0,0,0,0,0,0,0,0,0,1,0,0
i feel anger towards the situation because it's disgusting if you can sit and kill a child our anybody at all.,I think he deserved it especially for killing a child. And what he got was nothing compared to what he will receive for what he has done.,PXCO,0,0,0,0,0,1,0,1,0,0,0,0,1,1,0,0,0
I was horrified that someone would kill a child. My heart breaks for the poor kid's family. There is no excuse for that kind of crime. The family is going to be in my prayers.,"Mob justice is no kind of justice for our society to be using. As much as I can understand the rage and hurt and disgust the people there were feeling, it wasn't right. Physically harming others is not the way to carry out justice. Everyone has the right to investigation and trial. The attack only hurts the chances of the perpetrator being tried and punished fairly, and there is always a chance there was a mistake in identifying who did it.",RFRD,0,0,0,0,0,0,0,0,0,0,0,1,0,0,1,1,0
"How disstressing, and heartbreaking it is. How completely lost his parents must be feeling and how I would be feeling as well. And an overwhelming sense of anger","I think good riddance, those people had the right idea and were completely justified in my opinion. That man will either spend a very minimal amount of time in prison and then get out free and clear or we'll pay taxes that help keep him clothed, housed, and fed for some aggregous amount of time.",T2IK,0,0,0,0,0,1,0,1,0,0,0,1,0,0,1,0,0
I think obviously it is terrible. I want to know what compelled this person to commit such an act. Why anyone would kill a child. There needs to be answers.,I can understand why they did it and the emotional response behind it but this isn't the way we should deal with things or bring people to justice. Let law enforcement do their job and then the justice system will take over.,K1WT,0,0,1,0,0,0,0,0,0,0,0,1,0,0,1,0,0
"I think it was a very sad situation, the child obviously did not deserve such a horrible fate. The man responsible is despicable but should face a fair trial like anyone else would.","I think it was sad that mob justice prevailed and that others will now be facing charges as well, for taking justice into their own hands. The man should have been detained and processed by the judicial system and not the community.",EYMU,0,0,0,0,0,0,0,0,0,1,0,0,0,1,1,1,0
I think the perp got what he deserved. I honestly think he should be deported back to his home country instead of us American citizens paying for his stay in our prison system. Or put him on death row and have him put down sooner then most death row inmates.,He deserved it and more. He should have been killed on the spot so we as American citizens don't have to pay for his luxurious prison cell and three hot meals a day. They way refugees are put before our own citizens is disgusting.,LMN2,0,0,0,0,0,1,1,1,0,0,1,1,0,1,0,0,0
"It's a tragedy. I would like more information on teh situation: did the perp know the child? were they related? was it random or was there a motive, and, if so, what was teh motive?","Vigilante justice is a terrible thing. The circumstances surrounding it are not clear: was it immediate, like they caught him in teh act and immediately beat him down or did they take the investigation into their own hands and drive him into the street with no basis other than his refugee status? There are too many questions unanswered for me to answer fully.",8ZI3,0,0,1,1,0,0,0,0,0,0,1,0,0,0,1,0,0
"This article wasn't clear on a lot of facts. Did anyone witness the supposed purpetrator commit the murder? If not, then this was certainly jumping to conclusions when beating him up... How did this man get into the USA in the first place? ","I could see if there were witnesses who saw the perpetrator commit the offense, then they could justifiably take action of their own to prevent him from evading capture. Muslims have a different world view than Americans and tend to behave with recklessness and criminality when living here. ",25YB,0,0,1,0,0,1,0,1,0,1,1,1,0,0,0,0,0
I believe this was a horrific and disgusting crime that I wish could have been avoided. I think it could have been avoided if the Muslim refugee was vetted properly.,I think that the attack was just and I wish that the person could have suffered even more. There have been cases with people getting away with these vicious crime.,Z1Z9,0,0,0,0,0,1,0,1,0,0,1,0,0,1,1,1,0
"My first thought is not to trust any article in a survey as to its content. If this was a real news story I'd want to know more about exactly what happened before I formed any opinions. Words like ""reports of a homicide"" and ""alleged perpetrator"" make me question what happened. Was it really a homicide and was the man attacked guilty?","I repeat my previous thoughts. What exactly happened? Was there a homicide? How was the ""alleged perpetrator"" identified? There's not much to think about when not knowing what happened.",ISBG,0,1,1,0,0,0,0,0,0,0,0,0,0,0,0,0,0